#suite	row	server	repeat	workers	conns	bytes	capacity	server_cpus	client_cpus	status	rps	reqs	p50_us	p90_us	p99_us	p999_us	max_us	srv_user_us_per_req	srv_sys_us_per_req	srv_vol_cs_per_req	srv_invol_cs_per_req	cli_cpu_us_per_req	sys_cs_per_req	idle_pct	failed_clients	srv_cpus_used	cli_cpus_used	flag	steal_pct	server_stats
scale512	W=1	tokio-default	1	1	64	512	1024	0	2,3,4,5,6,7,8,9,10,11,12,13,14,15,16,17,18,19	ok	251647	1258233	256.5	264.4	273.2	552.6	1597.1	0.254	3.704	0.0001	0.0001	8.215	2.012	84.6	0	0.996	2.067	S	0.00	
scale512	W=1	tokio-per-core	1	1	64	512	1024	0	2,3,4,5,6,7,8,9,10,11,12,13,14,15,16,17,18,19	ok	252396	1261981	251.7	259.5	268.4	410.1	1460.5	0.261	3.685	0.0000	0.0000	7.982	2.011	84.7	0	0.996	2.015	S	0.00	
scale512	W=1	compio-pool	1	1	64	512	1024	0	2,3,4,5,6,7,8,9,10,11,12,13,14,15,16,17,18,19	ok	242416	1212081	259.2	353.7	411.1	510.8	2125.7	0.421	3.680	0.0000	0.0001	7.792	2.020	85.2	0	0.994	1.889	S	0.00	
scale512	W=1	tokio-per-core	2	1	64	512	1024	0	2,3,4,5,6,7,8,9,10,11,12,13,14,15,16,17,18,19	ok	254056	1270279	250.7	258.4	268.3	343.0	1243.9	0.244	3.676	0.0000	0.0000	8.071	2.012	84.5	0	0.996	2.050	S	0.00	
scale512	W=1	compio-pool	2	1	64	512	1024	0	2,3,4,5,6,7,8,9,10,11,12,13,14,15,16,17,18,19	ok	243232	1216159	258.7	377.8	435.4	499.7	2090.1	0.444	3.651	0.0000	0.0000	7.514	2.012	86.0	0	0.996	1.828	S	0.00	
scale512	W=1	tokio-default	2	1	64	512	1024	0	2,3,4,5,6,7,8,9,10,11,12,13,14,15,16,17,18,19	ok	251776	1258882	256.9	264.9	273.6	395.0	1848.2	0.246	3.710	0.0001	0.0001	8.201	2.011	84.7	0	0.996	2.065	S	0.00	
scale512	W=1	compio-pool	3	1	64	512	1024	0	2,3,4,5,6,7,8,9,10,11,12,13,14,15,16,17,18,19	ok	242300	1211498	259.6	354.3	409.0	482.6	2551.4	0.429	3.681	0.0000	0.0000	8.077	2.013	85.2	0	0.996	1.957	S	0.00	
scale512	W=1	tokio-default	3	1	64	512	1024	0	2,3,4,5,6,7,8,9,10,11,12,13,14,15,16,17,18,19	ok	252115	1260574	256.2	264.2	273.7	532.3	1539.5	0.262	3.689	0.0001	0.0001	7.988	2.016	84.7	0	0.996	2.014	S	0.00	
scale512	W=1	tokio-per-core	3	1	64	512	1024	0	2,3,4,5,6,7,8,9,10,11,12,13,14,15,16,17,18,19	ok	253776	1268878	250.0	258.0	267.0	356.5	1770.5	0.236	3.688	0.0000	0.0000	7.522	2.013	85.3	0	0.996	1.909	S	0.00	
scale512	W=2	tokio-default	1	2	64	512	1024	0,2	4,5,6,7,8,9,10,11,12,13,14,15,16,17,18,19	ok	463956	2319780	136.9	185.8	204.4	272.1	2281.9	0.315	3.871	0.0121	0.0001	8.280	2.030	70.9	0	1.942	3.841	S	0.00	
scale512	W=2	tokio-per-core	1	2	64	512	1024	0,2	4,5,6,7,8,9,10,11,12,13,14,15,16,17,18,19	ok	501453	2507265	126.4	131.6	137.0	334.6	1451.4	0.267	3.705	0.0000	0.0001	8.173	2.006	69.7	0	1.992	4.099	S	0.00	
scale512	W=2	compio-pool	1	2	64	512	1024	0,2	4,5,6,7,8,9,10,11,12,13,14,15,16,17,18,19	ok	478408	2392041	132.6	172.4	196.0	337.6	5093.9	0.439	3.716	0.0000	0.0003	7.913	2.012	70.7	0	1.988	3.786	S	0.00	
scale512	W=2	tokio-per-core	2	2	64	512	1024	0,2	4,5,6,7,8,9,10,11,12,13,14,15,16,17,18,19	ok	498899	2494494	131.7	142.4	148.1	181.2	1877.4	0.249	3.744	0.0000	0.0001	8.258	2.007	69.4	0	1.992	4.120	S	0.00	
scale512	W=2	compio-pool	2	2	64	512	1024	0,2	4,5,6,7,8,9,10,11,12,13,14,15,16,17,18,19	ok	479743	2398713	132.4	172.6	186.1	358.1	1498.6	0.417	3.735	0.0000	0.0002	7.940	2.007	70.9	0	1.992	3.809	S	0.00	
scale512	W=2	tokio-default	2	2	64	512	1024	0,2	4,5,6,7,8,9,10,11,12,13,14,15,16,17,18,19	ok	462825	2314126	137.3	186.3	204.2	268.2	2847.5	0.311	3.876	0.0126	0.0001	8.272	2.031	71.2	0	1.938	3.828	S	0.00	
scale512	W=2	compio-pool	3	2	64	512	1024	0,2	4,5,6,7,8,9,10,11,12,13,14,15,16,17,18,19	ok	479592	2397958	128.3	192.0	215.7	301.2	1406.4	0.446	3.711	0.0000	0.0001	7.995	2.006	70.8	0	1.994	3.834	S	0.00	
scale512	W=2	tokio-default	3	2	64	512	1024	0,2	4,5,6,7,8,9,10,11,12,13,14,15,16,17,18,19	ok	462517	2312587	137.5	186.6	204.3	275.9	1821.0	0.298	3.896	0.0127	0.0001	8.274	2.035	71.0	0	1.940	3.827	S	0.00	
scale512	W=2	tokio-per-core	3	2	64	512	1024	0,2	4,5,6,7,8,9,10,11,12,13,14,15,16,17,18,19	ok	499914	2499570	126.8	134.7	141.0	221.9	3717.8	0.260	3.721	0.0000	0.0001	8.211	2.006	69.6	0	1.990	4.105	S	0.00	
scale512	W=4	tokio-default	1	4	128	512	1024	0,2,4,6	8,9,10,11,12,13,14,15,16,17,18,19	ok	780899	3904493	160.6	229.7	285.5	617.2	3012.5	0.382	4.413	0.0140	0.0004	10.359	1.914	39.4	0	3.744	8.089	S	0.00	
scale512	W=4	tokio-per-core	1	4	128	512	1024	0,2,4,6	8,9,10,11,12,13,14,15,16,17,18,19	ok	868351	4341757	145.1	181.5	200.9	341.6	2910.1	0.281	4.286	0.0000	0.0005	10.373	1.872	33.3	0	3.966	9.008	S	0.00	
scale512	W=4	compio-pool	1	4	128	512	1024	0,2,4,6	8,9,10,11,12,13,14,15,16,17,18,19	ok	834685	4173424	146.1	210.1	264.7	555.0	16851.8	0.455	4.263	0.0000	0.0007	9.940	1.861	35.6	0	3.938	8.297	S	0.00	
scale512	W=4	tokio-per-core	2	4	128	512	1024	0,2,4,6	8,9,10,11,12,13,14,15,16,17,18,19	ok	813198	4065992	136.9	211.7	255.2	1300.6	22155.6	0.280	4.420	0.0001	0.0014	10.376	1.813	31.7	0	3.822	8.437	S	0.00	
scale512	W=4	compio-pool	2	4	128	512	1024	0,2,4,6	8,9,10,11,12,13,14,15,16,17,18,19	ok	743857	3719284	147.9	224.5	277.0	6171.8	34862.2	0.462	4.173	0.0001	0.0006	9.791	1.913	41.0	0	3.448	7.283	S	0.00	
scale512	W=4	tokio-default	2	4	128	512	1024	0,2,4,6	8,9,10,11,12,13,14,15,16,17,18,19	ok	782239	3911197	160.3	228.9	283.7	594.4	2976.7	0.373	4.408	0.0141	0.0005	10.343	1.922	39.6	0	3.740	8.091	S	0.00	
scale512	W=4	compio-pool	3	4	128	512	1024	0,2,4,6	8,9,10,11,12,13,14,15,16,17,18,19	ok	836908	4184538	150.2	200.1	230.9	352.9	2743.1	0.459	4.268	0.0000	0.0005	9.967	1.878	36.4	0	3.956	8.341	S	0.00	
scale512	W=4	tokio-default	3	4	128	512	1024	0,2,4,6	8,9,10,11,12,13,14,15,16,17,18,19	ok	779926	3899632	160.8	229.7	289.2	594.8	3905.5	0.369	4.426	0.0137	0.0006	10.355	1.926	39.5	0	3.740	8.076	S	0.00	
scale512	W=4	tokio-per-core	3	4	128	512	1024	0,2,4,6	8,9,10,11,12,13,14,15,16,17,18,19	ok	860116	4300580	148.8	175.2	194.9	394.6	4217.6	0.284	4.316	0.0000	0.0005	10.373	1.879	33.7	0	3.956	8.922	S	0.00	
scale512	W=5	tokio-default	1	5	160	512	1024	0,2,4,6,8	10,11,12,13,14,15,16,17,18,19	ok	738332	3691661	205.5	316.0	471.1	824.1	44060.5	0.447	5.724	0.0134	0.0009	12.271	1.281	31.7	0	4.556	9.060	SC	0.00	
scale512	W=5	tokio-per-core	1	5	160	512	1024	0,2,4,6,8	10,11,12,13,14,15,16,17,18,19	ok	752379	3761894	211.9	265.8	314.5	512.3	4011.1	0.367	6.228	0.0004	0.0006	13.195	1.048	27.5	0	4.962	9.928	SC	0.00	
scale512	W=5	compio-pool	1	5	160	512	1024	0,2,4,6,8	10,11,12,13,14,15,16,17,18,19	ok	740043	3700214	206.5	320.5	405.4	524.1	5491.3	0.600	6.094	0.0001	0.0007	12.979	1.196	27.5	0	4.954	9.605	SC	0.00	
scale512	W=5	tokio-per-core	2	5	160	512	1024	0,2,4,6,8	10,11,12,13,14,15,16,17,18,19	ok	757553	3787763	213.2	256.6	335.3	585.4	11903.8	0.378	6.136	0.0001	0.0009	13.022	1.058	26.5	0	4.934	9.865	SC	0.00	
scale512	W=5	compio-pool	2	5	160	512	1024	0,2,4,6,8	10,11,12,13,14,15,16,17,18,19	ok	739575	3697873	205.5	314.6	417.5	602.9	4899.6	0.600	6.090	0.0001	0.0007	12.948	1.197	27.5	0	4.948	9.576	SC	0.00	
scale512	W=5	tokio-default	2	5	160	512	1024	0,2,4,6,8	10,11,12,13,14,15,16,17,18,19	ok	727859	3639295	210.8	323.6	432.9	555.1	5565.9	0.497	5.880	0.0138	0.0006	12.633	1.275	32.1	0	4.642	9.195	SC	0.00	
scale512	W=5	compio-pool	3	5	160	512	1024	0,2,4,6,8	10,11,12,13,14,15,16,17,18,19	ok	746040	3730201	206.3	312.5	377.0	512.4	2314.0	0.611	6.035	0.0000	0.0006	12.899	1.186	27.6	0	4.958	9.623	SC	0.00	
scale512	W=5	tokio-default	3	5	160	512	1024	0,2,4,6,8	10,11,12,13,14,15,16,17,18,19	ok	733801	3669007	207.1	323.3	451.7	756.5	3947.5	0.469	5.838	0.0133	0.0008	12.493	1.277	31.6	0	4.628	9.167	SC	0.00	
scale512	W=5	tokio-per-core	3	5	160	512	1024	0,2,4,6,8	10,11,12,13,14,15,16,17,18,19	ok	756421	3782106	211.7	258.3	312.7	554.6	7362.4	0.370	6.176	0.0002	0.0007	13.074	1.054	26.5	0	4.952	9.889	SC	0.00	
scale16k	W=1	tokio-default	1	1	64	16384	1024	0	2,3,4,5,6,7,8,9,10,11,12,13,14,15,16,17,18,19	ok	145058	725288	443.6	467.5	596.4	841.6	1911.9	0.386	6.480	0.0002	0.0005	14.229	2.024	84.3	0	0.996	2.064	S	0.00	
scale16k	W=1	tokio-per-core	1	1	64	16384	1024	0	2,3,4,5,6,7,8,9,10,11,12,13,14,15,16,17,18,19	ok	144444	722220	438.5	464.7	559.2	783.6	1794.0	0.374	6.508	0.0001	0.0004	15.962	2.025	82.9	0	0.994	2.306	S	0.00	
scale16k	W=1	compio-pool	1	1	64	16384	1024	0	2,3,4,5,6,7,8,9,10,11,12,13,14,15,16,17,18,19	ok	155443	777217	402.9	547.8	632.0	816.6	2497.8	0.489	5.906	0.0001	0.0004	11.104	2.021	86.1	0	0.994	1.726	S	0.00	
scale16k	W=1	tokio-per-core	2	1	64	16384	1024	0	2,3,4,5,6,7,8,9,10,11,12,13,14,15,16,17,18,19	ok	147773	738867	431.1	449.8	496.7	755.1	2261.1	0.379	6.334	0.0001	0.0004	13.385	2.038	84.4	0	0.992	1.978	S	0.00	
scale16k	W=1	compio-pool	2	1	64	16384	1024	0	2,3,4,5,6,7,8,9,10,11,12,13,14,15,16,17,18,19	ok	156709	783545	400.3	543.2	611.6	731.2	1527.6	0.511	5.845	0.0001	0.0004	11.627	2.022	85.7	0	0.996	1.822	S	0.00	
scale16k	W=1	tokio-default	2	1	64	16384	1024	0	2,3,4,5,6,7,8,9,10,11,12,13,14,15,16,17,18,19	ok	148305	741526	434.6	452.8	500.5	759.7	2011.8	0.364	6.325	0.0002	0.0005	13.091	2.022	84.9	0	0.992	1.941	S	0.00	
scale16k	W=1	compio-pool	3	1	64	16384	1024	0	2,3,4,5,6,7,8,9,10,11,12,13,14,15,16,17,18,19	ok	156279	781397	400.5	544.1	621.5	862.2	3075.2	0.499	5.861	0.0001	0.0004	10.726	2.024	86.0	0	0.994	1.676	S	0.00	
scale16k	W=1	tokio-default	3	1	64	16384	1024	0	2,3,4,5,6,7,8,9,10,11,12,13,14,15,16,17,18,19	ok	147929	739643	436.8	457.0	507.1	769.6	1955.2	0.365	6.354	0.0002	0.0005	13.824	2.025	84.3	0	0.994	2.045	S	0.00	
scale16k	W=1	tokio-per-core	3	1	64	16384	1024	0	2,3,4,5,6,7,8,9,10,11,12,13,14,15,16,17,18,19	ok	148122	740610	429.3	454.8	505.0	843.7	1811.5	0.351	6.360	0.0001	0.0005	12.128	2.028	85.3	0	0.994	1.796	S	0.00	
scale16k	W=2	tokio-default	1	2	64	16384	1024	0,2	4,5,6,7,8,9,10,11,12,13,14,15,16,17,18,19	ok	302756	1513779	211.8	285.4	318.4	406.4	1702.6	0.436	6.051	0.0105	0.0003	12.371	2.032	71.1	0	1.964	3.745	S	0.00	
scale16k	W=2	tokio-per-core	1	2	64	16384	1024	0,2	4,5,6,7,8,9,10,11,12,13,14,15,16,17,18,19	ok	313144	1565722	202.2	232.4	248.7	453.1	5508.6	0.396	5.946	0.0000	0.0004	12.410	2.011	70.4	0	1.986	3.886	S	0.00	
scale16k	W=2	compio-pool	1	2	64	16384	1024	0,2	4,5,6,7,8,9,10,11,12,13,14,15,16,17,18,19	ok	325877	1629384	193.2	252.7	280.9	461.2	1708.5	0.485	5.609	0.0000	0.0004	11.213	2.011	71.6	0	1.986	3.654	S	0.00	
scale16k	W=2	tokio-per-core	2	2	64	16384	1024	0,2	4,5,6,7,8,9,10,11,12,13,14,15,16,17,18,19	ok	311598	1557990	229.8	265.4	281.2	519.3	4542.4	0.385	5.988	0.0000	0.0005	12.325	2.016	70.3	0	1.986	3.840	S	0.00	
scale16k	W=2	compio-pool	2	2	64	16384	1024	0,2	4,5,6,7,8,9,10,11,12,13,14,15,16,17,18,19	ok	325584	1627919	187.9	288.4	327.4	490.8	4428.7	0.467	5.639	0.0000	0.0004	11.359	2.012	71.2	0	1.988	3.698	S	0.00	
scale16k	W=2	tokio-default	2	2	64	16384	1024	0,2	4,5,6,7,8,9,10,11,12,13,14,15,16,17,18,19	ok	301718	1508588	212.3	286.1	319.1	434.2	1449.6	0.431	6.065	0.0107	0.0003	12.313	2.031	71.1	0	1.960	3.715	S	0.00	
scale16k	W=2	compio-pool	3	2	64	16384	1024	0,2	4,5,6,7,8,9,10,11,12,13,14,15,16,17,18,19	ok	325503	1627515	193.7	255.7	305.1	478.0	3154.8	0.442	5.665	0.0000	0.0004	11.145	2.011	71.7	0	1.988	3.628	S	0.00	
scale16k	W=2	tokio-default	3	2	64	16384	1024	0,2	4,5,6,7,8,9,10,11,12,13,14,15,16,17,18,19	ok	301753	1508766	212.5	286.4	321.0	470.6	2620.9	0.437	6.071	0.0105	0.0005	12.273	2.031	71.4	0	1.964	3.703	S	0.00	
scale16k	W=2	tokio-per-core	3	2	64	16384	1024	0,2	4,5,6,7,8,9,10,11,12,13,14,15,16,17,18,19	ok	308401	1542007	204.9	222.6	237.0	511.1	1862.5	0.383	6.057	0.0000	0.0006	12.385	2.015	70.5	0	1.986	3.820	S	0.00	
scale16k	W=4	tokio-default	1	4	128	16384	1024	0,2,4,6	8,9,10,11,12,13,14,15,16,17,18,19	ok	565666	2828328	222.6	318.1	391.2	563.5	5883.8	0.474	6.265	0.0128	0.0007	15.611	1.886	35.2	0	3.812	8.830	S	0.00	
scale16k	W=4	tokio-per-core	1	4	128	16384	1024	0,2,4,6	8,9,10,11,12,13,14,15,16,17,18,19	ok	611436	3057179	210.5	231.4	259.5	513.5	6059.2	0.396	6.091	0.0000	0.0007	15.963	1.798	29.8	0	3.966	9.761	S	0.00	
scale16k	W=4	compio-pool	1	4	128	16384	1024	0,2,4,6	8,9,10,11,12,13,14,15,16,17,18,19	ok	599027	2995134	208.7	278.7	334.3	527.9	3251.6	0.507	6.100	0.0000	0.0007	15.253	1.798	32.8	0	3.958	9.137	S	0.00	
scale16k	W=4	tokio-per-core	2	4	128	16384	1024	0,2,4,6	8,9,10,11,12,13,14,15,16,17,18,19	ok	603427	3017137	202.4	255.3	330.2	563.4	5423.4	0.411	6.135	0.0000	0.0011	15.981	1.813	30.4	0	3.950	9.644	S	0.00	
scale16k	W=4	compio-pool	2	4	128	16384	1024	0,2,4,6	8,9,10,11,12,13,14,15,16,17,18,19	ok	506408	2532042	238.4	363.2	472.0	704.0	4458.0	0.569	7.243	0.0001	0.0011	17.335	1.826	34.6	0	3.956	8.779	S	0.00	
scale16k	W=4	tokio-default	2	4	128	16384	1024	0,2,4,6	8,9,10,11,12,13,14,15,16,17,18,19	ok	482868	2414342	252.2	392.8	531.3	905.9	3403.7	0.576	7.327	0.0127	0.0008	17.813	1.922	37.0	0	3.816	8.601	S	0.00	
scale16k	W=4	compio-pool	3	4	128	16384	1024	0,2,4,6	8,9,10,11,12,13,14,15,16,17,18,19	ok	517872	2589361	235.2	349.0	433.4	609.4	5169.6	0.564	7.091	0.0000	0.0007	17.195	1.811	34.3	0	3.964	8.905	S	0.00	
scale16k	W=4	tokio-default	3	4	128	16384	1024	0,2,4,6	8,9,10,11,12,13,14,15,16,17,18,19	ok	492280	2461401	248.1	382.3	520.2	795.5	3342.7	0.565	7.195	0.0123	0.0008	17.508	1.922	36.9	0	3.820	8.619	S	0.00	
scale16k	W=4	tokio-per-core	3	4	128	16384	1024	0,2,4,6	8,9,10,11,12,13,14,15,16,17,18,19	ok	529148	2645739	239.0	334.9	391.5	629.0	4031.5	0.454	7.007	0.0000	0.0011	17.873	1.832	31.6	0	3.948	9.457	S	0.00	
scale16k	W=5	tokio-default	1	5	160	16384	1024	0,2,4,6,8	10,11,12,13,14,15,16,17,18,19	ok	475853	2379265	319.8	454.2	580.4	927.9	9825.6	0.668	9.104	0.0364	0.0009	20.826	1.092	28.3	0	4.650	9.910	SC	0.00	
scale16k	W=5	tokio-per-core	1	5	160	16384	1024	0,2,4,6,8	10,11,12,13,14,15,16,17,18,19	ok	497110	2485551	310.1	425.9	536.5	712.2	3799.1	0.591	8.992	0.0476	0.0009	20.033	1.104	27.6	0	4.764	9.959	SC	0.00	
scale16k	W=5	compio-pool	1	5	160	16384	1024	0,2,4,6,8	10,11,12,13,14,15,16,17,18,19	ok	487944	2439719	296.4	498.7	672.2	1021.3	96530.8	0.668	9.120	0.0274	0.0013	20.119	1.092	26.0	0	4.776	9.817	SC	0.00	
scale16k	W=5	tokio-per-core	2	5	160	16384	1024	0,2,4,6,8	10,11,12,13,14,15,16,17,18,19	ok	495213	2476065	315.5	412.9	513.6	708.7	7933.4	0.610	9.026	0.0471	0.0010	20.091	1.107	26.9	0	4.772	9.949	SC	0.00	
scale16k	W=5	compio-pool	2	5	160	16384	1024	0,2,4,6,8	10,11,12,13,14,15,16,17,18,19	ok	470268	2351342	324.1	448.7	586.2	1120.7	69617.9	0.710	9.629	0.0135	0.0014	21.018	1.061	25.8	0	4.862	9.884	SC	0.00	
scale16k	W=5	tokio-default	2	5	160	16384	1024	0,2,4,6,8	10,11,12,13,14,15,16,17,18,19	ok	460130	2300650	339.4	463.8	589.0	936.5	6032.7	0.669	9.506	0.0243	0.0009	21.512	1.086	26.7	0	4.682	9.898	SC	0.00	
scale16k	W=5	compio-pool	3	5	160	16384	1024	0,2,4,6,8	10,11,12,13,14,15,16,17,18,19	ok	440040	2200201	313.0	450.6	721.7	5270.3	607650.0	0.745	9.263	0.0270	0.0015	20.829	1.243	27.3	0	4.404	9.166	SC	0.00	
scale16k	W=5	tokio-default	3	5	160	16384	1024	0,2,4,6,8	10,11,12,13,14,15,16,17,18,19	ok	441977	2209884	352.0	481.7	689.5	1456.4	82023.6	0.783	9.353	0.0531	0.0010	20.746	1.204	28.0	0	4.480	9.169	SC	0.00	
scale16k	W=5	tokio-per-core	3	5	160	16384	1024	0,2,4,6,8	10,11,12,13,14,15,16,17,18,19	ok	468389	2341946	314.0	424.5	565.6	1480.5	236316.0	0.594	8.886	0.0266	0.0012	20.736	1.207	26.9	0	4.440	9.712	SC	0.00	
payload	64 B	tokio-default	1	4	128	64	1024	0,2,4,6	8,9,10,11,12,13,14,15,16,17,18,19	ok	670049	3350243	183.7	278.8	367.9	689.7	9017.6	0.448	5.110	0.0141	0.0006	11.678	1.949	41.1	0	3.724	7.825	S	0.00	
payload	64 B	tokio-per-core	1	4	128	64	1024	0,2,4,6	8,9,10,11,12,13,14,15,16,17,18,19	ok	778704	3893518	152.7	204.2	228.8	428.1	2622.0	0.313	4.777	0.0000	0.0005	11.214	1.902	34.1	0	3.964	8.732	S	0.00	
payload	64 B	compio-pool	1	4	128	64	1024	0,2,4,6	8,9,10,11,12,13,14,15,16,17,18,19	ok	740504	3702518	164.8	258.4	325.3	455.6	4576.0	0.516	4.835	0.0000	0.0005	10.953	1.886	38.0	0	3.962	8.111	S	0.00	
payload	64 B	tokio-per-core	2	4	128	64	1024	0,2,4,6	8,9,10,11,12,13,14,15,16,17,18,19	ok	772983	3864916	160.9	209.9	242.6	467.0	4306.7	0.321	4.802	0.0000	0.0005	11.278	1.904	35.3	0	3.960	8.718	S	0.00	
payload	64 B	compio-pool	2	4	128	64	1024	0,2,4,6	8,9,10,11,12,13,14,15,16,17,18,19	ok	736282	3681409	165.3	256.5	331.7	548.8	3990.2	0.530	4.843	0.0000	0.0009	10.911	1.890	38.2	0	3.956	8.033	S	0.00	
payload	64 B	tokio-default	2	4	128	64	1024	0,2,4,6	8,9,10,11,12,13,14,15,16,17,18,19	ok	709347	3546736	174.4	261.8	347.4	482.5	7197.3	0.417	4.852	0.0138	0.0005	11.131	1.944	41.0	0	3.738	7.896	S	0.00	
payload	64 B	compio-pool	3	4	128	64	1024	0,2,4,6	8,9,10,11,12,13,14,15,16,17,18,19	ok	746152	3730762	164.7	241.6	300.2	439.9	4861.0	0.512	4.795	0.0000	0.0006	10.848	1.885	38.1	0	3.960	8.094	S	0.00	
payload	64 B	tokio-default	3	4	128	64	1024	0,2,4,6	8,9,10,11,12,13,14,15,16,17,18,19	ok	706121	3530605	174.3	262.6	356.1	670.5	3929.6	0.414	4.877	0.0143	0.0005	11.217	1.940	41.0	0	3.736	7.920	S	0.00	
payload	64 B	tokio-per-core	3	4	128	64	1024	0,2,4,6	8,9,10,11,12,13,14,15,16,17,18,19	ok	776946	3884729	156.1	204.1	238.2	405.7	4592.9	0.317	4.773	0.0000	0.0007	11.263	1.899	34.6	0	3.954	8.750	S	0.00	
payload	512 B	tokio-default	1	4	128	512	1024	0,2,4,6	8,9,10,11,12,13,14,15,16,17,18,19	ok	700778	3503889	175.8	264.8	354.3	517.0	5442.4	0.425	4.909	0.0135	0.0006	11.302	1.942	41.0	0	3.738	7.920	S	0.00	
payload	512 B	tokio-per-core	1	4	128	512	1024	0,2,4,6	8,9,10,11,12,13,14,15,16,17,18,19	ok	760008	3800040	159.4	237.7	273.4	429.9	4260.6	0.313	4.905	0.0000	0.0006	11.521	1.899	35.1	0	3.966	8.756	S	0.00	
payload	512 B	compio-pool	1	4	128	512	1024	0,2,4,6	8,9,10,11,12,13,14,15,16,17,18,19	ok	742336	3711679	158.9	276.9	393.4	478.2	5057.5	0.531	4.804	0.0000	0.0006	10.921	1.885	38.0	0	3.960	8.107	S	0.00	
payload	512 B	tokio-per-core	2	4	128	512	1024	0,2,4,6	8,9,10,11,12,13,14,15,16,17,18,19	ok	764619	3823096	166.8	236.4	256.6	431.0	5840.0	0.319	4.855	0.0000	0.0006	11.401	1.901	35.0	0	3.956	8.717	S	0.00	
payload	512 B	compio-pool	2	4	128	512	1024	0,2,4,6	8,9,10,11,12,13,14,15,16,17,18,19	ok	724931	3624655	166.2	250.1	338.4	596.0	20588.8	0.527	4.903	0.0000	0.0010	11.120	1.881	37.0	0	3.936	8.061	S	0.00	
payload	512 B	tokio-default	2	4	128	512	1024	0,2,4,6	8,9,10,11,12,13,14,15,16,17,18,19	ok	693356	3466780	176.8	267.4	362.5	665.2	3349.0	0.444	4.950	0.0134	0.0006	11.353	1.948	41.3	0	3.740	7.871	S	0.00	
payload	512 B	compio-pool	3	4	128	512	1024	0,2,4,6	8,9,10,11,12,13,14,15,16,17,18,19	ok	736551	3682757	163.7	245.6	327.8	640.8	2356.0	0.500	4.877	0.0000	0.0006	11.073	1.880	37.5	0	3.960	8.156	S	0.00	
payload	512 B	tokio-default	3	4	128	512	1024	0,2,4,6	8,9,10,11,12,13,14,15,16,17,18,19	ok	700959	3504793	176.6	265.1	355.2	514.9	3092.3	0.417	4.930	0.0141	0.0006	11.295	1.946	41.1	0	3.748	7.918	S	0.00	
payload	512 B	tokio-per-core	3	4	128	512	1024	0,2,4,6	8,9,10,11,12,13,14,15,16,17,18,19	ok	765959	3829795	158.3	215.4	241.3	441.6	3749.3	0.303	4.867	0.0000	0.0006	11.420	1.900	34.9	0	3.960	8.748	S	0.00	
payload	2048 B	tokio-default	1	4	128	2048	1024	0,2,4,6	8,9,10,11,12,13,14,15,16,17,18,19	ok	665507	3327534	184.9	279.3	381.2	640.5	3805.3	0.424	5.205	0.0131	0.0007	12.043	1.936	39.4	0	3.746	8.015	S	0.00	
payload	2048 B	tokio-per-core	1	4	128	2048	1024	0,2,4,6	8,9,10,11,12,13,14,15,16,17,18,19	ok	713987	3569934	173.4	269.3	293.6	427.2	2886.4	0.333	5.221	0.0000	0.0005	12.502	1.882	34.1	0	3.966	8.927	S	0.00	
payload	2048 B	compio-pool	1	4	128	2048	1024	0,2,4,6	8,9,10,11,12,13,14,15,16,17,18,19	ok	699401	3497003	174.1	269.2	348.7	504.5	5913.7	0.520	5.150	0.0000	0.0006	11.858	1.873	37.2	0	3.966	8.293	S	0.00	
payload	2048 B	tokio-per-core	2	4	128	2048	1024	0,2,4,6	8,9,10,11,12,13,14,15,16,17,18,19	ok	728925	3644624	174.7	230.3	266.6	415.7	3063.1	0.324	5.120	0.0000	0.0006	12.287	1.877	34.3	0	3.968	8.957	S	0.00	
payload	2048 B	compio-pool	2	4	128	2048	1024	0,2,4,6	8,9,10,11,12,13,14,15,16,17,18,19	ok	692732	3463660	171.0	277.1	375.3	586.3	4631.6	0.531	5.174	0.0000	0.0009	11.862	1.877	37.1	0	3.952	8.217	S	0.00	
payload	2048 B	tokio-default	2	4	128	2048	1024	0,2,4,6	8,9,10,11,12,13,14,15,16,17,18,19	ok	661721	3308605	185.9	280.3	377.5	683.1	3772.1	0.414	5.244	0.0141	0.0006	12.140	1.931	40.3	0	3.744	8.033	S	0.00	
payload	2048 B	compio-pool	3	4	128	2048	1024	0,2,4,6	8,9,10,11,12,13,14,15,16,17,18,19	ok	701385	3506925	171.1	260.7	351.0	406.4	2094.9	0.522	5.124	0.0000	0.0006	11.788	1.874	37.3	0	3.960	8.268	S	0.00	
payload	2048 B	tokio-default	3	4	128	2048	1024	0,2,4,6	8,9,10,11,12,13,14,15,16,17,18,19	ok	667102	3335512	184.7	279.2	380.3	629.7	3140.9	0.432	5.217	0.0130	0.0006	12.144	1.934	39.8	0	3.768	8.102	S	0.00	
payload	2048 B	tokio-per-core	3	4	128	2048	1024	0,2,4,6	8,9,10,11,12,13,14,15,16,17,18,19	ok	718610	3593049	175.3	250.1	274.4	459.0	4806.5	0.320	5.185	0.0000	0.0007	12.406	1.878	34.0	0	3.956	8.915	S	0.00	
payload	8192 B	tokio-default	1	4	128	8192	1024	0,2,4,6	8,9,10,11,12,13,14,15,16,17,18,19	ok	577224	2886121	212.1	324.4	436.0	629.8	3822.9	0.457	6.067	0.0121	0.0011	14.288	1.926	38.6	0	3.766	8.247	S	0.00	
payload	8192 B	tokio-per-core	1	4	128	8192	1024	0,2,4,6	8,9,10,11,12,13,14,15,16,17,18,19	ok	632140	3160701	189.2	274.4	309.6	641.3	3535.7	0.354	5.913	0.0000	0.0008	14.745	1.837	32.1	0	3.962	9.321	S	0.00	
payload	8192 B	compio-pool	1	4	128	8192	1024	0,2,4,6	8,9,10,11,12,13,14,15,16,17,18,19	ok	610064	3050318	197.2	302.4	410.3	541.5	6787.9	0.521	5.967	0.0000	0.0007	13.938	1.858	36.0	0	3.958	8.503	S	0.00	
payload	8192 B	tokio-per-core	2	4	128	8192	1024	0,2,4,6	8,9,10,11,12,13,14,15,16,17,18,19	ok	637986	3189929	193.0	266.0	312.7	501.0	4652.2	0.364	5.850	0.0000	0.0009	14.678	1.830	32.1	0	3.964	9.365	S	0.00	
payload	8192 B	compio-pool	2	4	128	8192	1024	0,2,4,6	8,9,10,11,12,13,14,15,16,17,18,19	ok	607348	3036742	199.9	296.7	386.7	649.4	5693.5	0.540	5.944	0.0000	0.0012	13.991	1.860	35.8	0	3.938	8.497	S	0.00	
payload	8192 B	tokio-default	2	4	128	8192	1024	0,2,4,6	8,9,10,11,12,13,14,15,16,17,18,19	ok	581368	2906840	210.8	321.3	442.6	767.4	3844.8	0.444	6.055	0.0124	0.0009	14.223	1.930	38.6	0	3.778	8.269	S	0.00	
payload	8192 B	compio-pool	3	4	128	8192	1024	0,2,4,6	8,9,10,11,12,13,14,15,16,17,18,19	ok	606530	3032651	197.0	300.6	412.9	749.0	7340.4	0.557	5.949	0.0000	0.0012	13.920	1.850	35.3	0	3.946	8.443	S	0.00	
payload	8192 B	tokio-default	3	4	128	8192	1024	0,2,4,6	8,9,10,11,12,13,14,15,16,17,18,19	ok	571830	2859149	211.4	328.7	478.4	853.8	16034.9	0.465	6.051	0.0122	0.0011	14.222	1.927	38.2	0	3.726	8.132	S	0.00	
payload	8192 B	tokio-per-core	3	4	128	8192	1024	0,2,4,6	8,9,10,11,12,13,14,15,16,17,18,19	ok	632427	3162136	189.6	264.5	302.5	503.4	7243.3	0.342	5.914	0.0000	0.0008	14.783	1.832	32.3	0	3.956	9.349	S	0.00	
payload	16384 B	tokio-default	1	4	128	16384	1024	0,2,4,6	8,9,10,11,12,13,14,15,16,17,18,19	ok	487624	2438120	249.4	386.9	537.1	906.9	4296.8	0.570	7.219	0.0117	0.0014	17.542	1.928	37.0	0	3.798	8.554	S	0.00	
payload	16384 B	tokio-per-core	1	4	128	16384	1024	0,2,4,6	8,9,10,11,12,13,14,15,16,17,18,19	ok	527225	2636127	222.6	304.7	339.5	527.5	4253.8	0.470	7.044	0.0000	0.0011	17.961	1.841	31.5	0	3.962	9.469	S	0.00	
payload	16384 B	compio-pool	1	4	128	16384	1024	0,2,4,6	8,9,10,11,12,13,14,15,16,17,18,19	ok	517468	2587339	235.0	348.6	440.7	565.3	7963.1	0.560	7.088	0.0000	0.0010	17.080	1.821	34.4	0	3.958	8.838	S	0.00	
payload	16384 B	tokio-per-core	2	4	128	16384	1024	0,2,4,6	8,9,10,11,12,13,14,15,16,17,18,19	ok	528149	2640747	236.8	338.1	373.9	571.9	3053.5	0.477	7.025	0.0000	0.0009	17.876	1.843	31.6	0	3.962	9.441	S	0.00	
payload	16384 B	compio-pool	2	4	128	16384	1024	0,2,4,6	8,9,10,11,12,13,14,15,16,17,18,19	ok	517211	2586056	233.3	352.5	451.6	651.7	4585.5	0.596	7.030	0.0000	0.0013	16.997	1.826	34.5	0	3.944	8.791	S	0.00	
payload	16384 B	tokio-default	2	4	128	16384	1024	0,2,4,6	8,9,10,11,12,13,14,15,16,17,18,19	ok	485774	2428868	251.8	388.9	522.1	741.6	4000.8	0.543	7.296	0.0117	0.0012	17.621	1.929	36.7	0	3.808	8.560	S	0.00	
payload	16384 B	compio-pool	3	4	128	16384	1024	0,2,4,6	8,9,10,11,12,13,14,15,16,17,18,19	ok	519491	2597454	234.6	349.4	434.7	607.1	4132.4	0.570	7.061	0.0000	0.0010	17.094	1.816	34.2	0	3.964	8.880	S	0.00	
payload	16384 B	tokio-default	3	4	128	16384	1024	0,2,4,6	8,9,10,11,12,13,14,15,16,17,18,19	ok	482370	2411848	252.6	391.8	541.1	914.9	4569.7	0.560	7.330	0.0120	0.0009	17.725	1.926	37.2	0	3.806	8.550	S	0.00	
payload	16384 B	tokio-per-core	3	4	128	16384	1024	0,2,4,6	8,9,10,11,12,13,14,15,16,17,18,19	ok	528933	2644664	235.4	328.8	361.4	503.5	3308.7	0.458	7.037	0.0000	0.0008	17.943	1.830	31.4	0	3.964	9.491	S	0.00	
conns	4 conns	tokio-default	1	4	4	512	1024	0,2,4,6	8,9,10,11,12,13,14,15,16,17,18,19	ok	274999	1374997	13.5	17.7	24.2	47.9	995.3	0.865	4.502	0.6699	0.0006	8.555	3.361	80.7	0	1.476	2.353		0.00	
conns	4 conns	tokio-per-core	1	4	4	512	1024	0,2,4,6	8,9,10,11,12,13,14,15,16,17,18,19	ok	301079	1505394	13.0	15.4	19.1	33.4	5506.9	0.478	3.840	0.4775	0.0006	8.299	2.983	78.2	0	1.300	2.499		0.00	
conns	4 conns	compio-pool	1	4	4	512	1024	0,2,4,6	8,9,10,11,12,13,14,15,16,17,18,19	ok	294811	1474057	13.4	15.6	19.3	28.9	3024.8	0.570	4.267	0.2999	0.0001	8.687	2.615	63.8	0	1.426	2.561		0.00	
conns	4 conns	tokio-per-core	2	4	4	512	1024	0,2,4,6	8,9,10,11,12,13,14,15,16,17,18,19	ok	325472	1627361	12.6	14.8	18.2	28.5	3694.8	0.485	4.289	0.8034	0.0002	7.382	3.620	80.1	0	1.554	2.403		0.00	
conns	4 conns	compio-pool	2	4	4	512	1024	0,2,4,6	8,9,10,11,12,13,14,15,16,17,18,19	ok	311361	1556804	13.1	14.9	17.3	28.4	931.4	0.572	4.284	0.5543	0.0004	7.598	3.125	68.4	0	1.512	2.366		0.00	
conns	4 conns	tokio-default	2	4	4	512	1024	0,2,4,6	8,9,10,11,12,13,14,15,16,17,18,19	ok	275394	1376971	13.6	17.9	23.3	50.7	1515.8	0.988	4.590	0.7280	0.0004	8.246	3.477	80.8	0	1.536	2.271		0.00	
conns	4 conns	compio-pool	3	4	4	512	1024	0,2,4,6	8,9,10,11,12,13,14,15,16,17,18,19	ok	312396	1561979	12.9	14.2	17.1	31.0	3022.2	0.640	4.590	0.7810	0.0002	7.962	3.574	68.1	0	1.634	2.487		0.00	
conns	4 conns	tokio-default	3	4	4	512	1024	0,2,4,6	8,9,10,11,12,13,14,15,16,17,18,19	ok	281814	1409070	13.5	17.7	22.2	47.5	485.1	0.951	4.684	0.7834	0.0002	7.829	3.577	81.1	0	1.588	2.206		0.00	
conns	4 conns	tokio-per-core	3	4	4	512	1024	0,2,4,6	8,9,10,11,12,13,14,15,16,17,18,19	ok	325646	1628232	12.7	14.3	17.3	23.6	2041.6	0.497	4.232	0.8102	0.0001	7.552	3.630	80.2	0	1.540	2.459		0.00	
conns	16 conns	tokio-default	1	4	16	512	1024	0,2,4,6	8,9,10,11,12,13,14,15,16,17,18,19	ok	646734	3233668	23.6	33.4	43.6	70.4	2237.0	0.844	4.911	0.1460	0.0005	10.517	2.283	46.4	0	3.722	6.801	S	0.00	
conns	16 conns	tokio-per-core	1	4	16	512	1024	0,2,4,6	8,9,10,11,12,13,14,15,16,17,18,19	ok	647104	3235519	24.0	31.9	37.8	53.4	4246.3	0.389	4.234	0.0001	0.0004	9.866	1.998	52.5	0	2.992	6.384		0.00	
conns	16 conns	compio-pool	1	4	16	512	1024	0,2,4,6	8,9,10,11,12,13,14,15,16,17,18,19	ok	630053	3150266	24.1	37.2	48.4	63.9	2735.2	0.594	4.825	0.1248	0.0004	10.047	2.252	47.5	0	3.414	6.330	S	0.00	
conns	16 conns	tokio-per-core	2	4	16	512	1024	0,2,4,6	8,9,10,11,12,13,14,15,16,17,18,19	ok	707483	3537414	21.9	31.3	37.2	55.2	3854.4	0.506	4.865	0.1279	0.0005	10.894	2.241	40.5	0	3.800	7.707	S	0.00	
conns	16 conns	compio-pool	2	4	16	512	1024	0,2,4,6	8,9,10,11,12,13,14,15,16,17,18,19	ok	674464	3372320	22.2	32.2	43.3	59.3	5120.4	0.649	5.186	0.0361	0.0005	11.210	2.049	40.5	0	3.936	7.561	S	0.00	
conns	16 conns	tokio-default	2	4	16	512	1024	0,2,4,6	8,9,10,11,12,13,14,15,16,17,18,19	ok	627867	3139336	24.1	34.5	47.4	93.3	2370.2	0.847	5.027	0.1465	0.0007	10.697	2.287	46.3	0	3.688	6.716	S	0.00	
conns	16 conns	compio-pool	3	4	16	512	1024	0,2,4,6	8,9,10,11,12,13,14,15,16,17,18,19	ok	662385	3311927	22.5	34.7	44.4	60.2	3062.0	0.658	5.242	0.0569	0.0007	11.141	2.103	41.5	0	3.908	7.380	S	0.00	
conns	16 conns	tokio-default	3	4	16	512	1024	0,2,4,6	8,9,10,11,12,13,14,15,16,17,18,19	ok	636613	3183067	23.9	33.9	44.5	90.1	1550.6	0.836	4.986	0.1465	0.0006	10.620	2.282	46.2	0	3.706	6.761	S	0.00	
conns	16 conns	tokio-per-core	3	4	16	512	1024	0,2,4,6	8,9,10,11,12,13,14,15,16,17,18,19	ok	691914	3459569	20.1	38.6	45.9	60.6	2998.3	0.509	4.876	0.1952	0.0006	10.744	2.382	42.7	0	3.726	7.434	S	0.00	
conns	64 conns	tokio-default	1	4	64	512	1024	0,2,4,6	8,9,10,11,12,13,14,15,16,17,18,19	ok	673502	3367512	90.4	136.6	196.9	412.8	3842.4	0.457	4.926	0.0374	0.0007	11.020	2.011	43.8	0	3.626	7.422	S	0.00	
conns	64 conns	tokio-per-core	1	4	64	512	1024	0,2,4,6	8,9,10,11,12,13,14,15,16,17,18,19	ok	749683	3748417	75.8	126.7	147.9	253.1	3364.1	0.355	4.930	0.0000	0.0006	11.438	1.911	35.8	0	3.962	8.575	S	0.00	
conns	64 conns	compio-pool	1	4	64	512	1024	0,2,4,6	8,9,10,11,12,13,14,15,16,17,18,19	ok	716681	3583407	78.5	146.6	223.5	331.2	12450.1	0.541	4.990	0.0000	0.0006	11.099	1.918	38.5	0	3.964	7.955	S	0.00	
conns	64 conns	tokio-per-core	2	4	64	512	1024	0,2,4,6	8,9,10,11,12,13,14,15,16,17,18,19	ok	761504	3807520	76.8	128.3	158.8	233.3	4147.6	0.318	4.903	0.0000	0.0005	11.364	1.910	35.5	0	3.976	8.654	S	0.00	
conns	64 conns	compio-pool	2	4	64	512	1024	0,2,4,6	8,9,10,11,12,13,14,15,16,17,18,19	ok	723029	3615147	84.7	125.4	160.8	225.1	2782.4	0.531	4.968	0.0000	0.0006	10.976	1.922	38.7	0	3.976	7.936	S	0.00	
conns	64 conns	tokio-default	2	4	64	512	1024	0,2,4,6	8,9,10,11,12,13,14,15,16,17,18,19	ok	677902	3389509	90.5	136.5	187.1	357.8	3796.6	0.481	4.874	0.0373	0.0008	10.977	2.015	43.3	0	3.630	7.441	S	0.00	
conns	64 conns	compio-pool	3	4	64	512	1024	0,2,4,6	8,9,10,11,12,13,14,15,16,17,18,19	ok	727799	3638997	82.2	126.4	179.3	243.1	4814.4	0.536	4.905	0.0000	0.0007	10.861	1.928	38.7	0	3.960	7.904	S	0.00	
conns	64 conns	tokio-default	3	4	64	512	1024	0,2,4,6	8,9,10,11,12,13,14,15,16,17,18,19	ok	674095	3370476	90.6	136.6	189.3	400.0	3204.6	0.469	4.937	0.0374	0.0006	11.065	2.012	43.3	0	3.644	7.459	S	0.00	
conns	64 conns	tokio-per-core	3	4	64	512	1024	0,2,4,6	8,9,10,11,12,13,14,15,16,17,18,19	ok	757483	3787415	76.9	121.1	145.2	202.0	4031.6	0.333	4.908	0.0000	0.0006	11.414	1.911	35.2	0	3.970	8.646	S	0.00	
conns	256 conns	tokio-default	1	4	256	512	1024	0,2,4,6	8,9,10,11,12,13,14,15,16,17,18,19	ok	715044	3575221	343.3	527.5	717.9	933.1	6079.0	0.400	4.968	0.0033	0.0006	11.559	1.906	38.3	0	3.838	8.265	S	0.00	
conns	256 conns	tokio-per-core	1	4	256	512	1024	0,2,4,6	8,9,10,11,12,13,14,15,16,17,18,19	ok	760781	3803903	318.6	428.8	494.7	852.0	4162.7	0.339	4.858	0.0000	0.0007	11.660	1.873	34.7	0	3.954	8.870	S	0.00	
conns	256 conns	compio-pool	1	4	256	512	1024	0,2,4,6	8,9,10,11,12,13,14,15,16,17,18,19	ok	746205	3731027	326.6	480.6	608.0	849.5	3682.2	0.525	4.782	0.0000	0.0005	11.190	1.880	36.8	0	3.960	8.350	S	0.00	
conns	256 conns	tokio-per-core	2	4	256	512	1024	0,2,4,6	8,9,10,11,12,13,14,15,16,17,18,19	ok	766950	3834751	315.2	424.2	469.0	754.0	6914.5	0.313	4.845	0.0001	0.0005	11.620	1.869	34.4	0	3.956	8.912	S	0.00	
conns	256 conns	compio-pool	2	4	256	512	1024	0,2,4,6	8,9,10,11,12,13,14,15,16,17,18,19	ok	742862	3714310	323.3	485.0	656.6	800.9	3159.3	0.493	4.817	0.0000	0.0006	11.164	1.849	37.2	0	3.944	8.294	S	0.00	
conns	256 conns	tokio-default	2	4	256	512	1024	0,2,4,6	8,9,10,11,12,13,14,15,16,17,18,19	ok	719705	3598523	340.4	527.4	718.6	989.3	6405.4	0.389	4.949	0.0023	0.0008	11.506	1.912	38.0	0	3.842	8.281	S	0.00	
conns	256 conns	compio-pool	3	4	256	512	1024	0,2,4,6	8,9,10,11,12,13,14,15,16,17,18,19	ok	734928	3674640	330.1	492.5	652.8	972.0	7154.7	0.506	4.874	0.0001	0.0007	11.258	1.857	37.2	0	3.954	8.274	S	0.00	
conns	256 conns	tokio-default	3	4	256	512	1024	0,2,4,6	8,9,10,11,12,13,14,15,16,17,18,19	ok	723326	3616628	339.2	518.2	704.0	913.4	10371.4	0.393	4.916	0.0032	0.0006	11.428	1.909	38.7	0	3.840	8.266	S	0.00	
conns	256 conns	tokio-per-core	3	4	256	512	1024	0,2,4,6	8,9,10,11,12,13,14,15,16,17,18,19	ok	763452	3817261	309.7	422.9	468.3	747.2	5482.7	0.309	4.860	0.0000	0.0005	11.663	1.867	34.7	0	3.946	8.904	S	0.00	
conns	1024 conns	tokio-default	1	4	1024	512	1024	0,2,4,6	8,9,10,11,12,13,14,15,16,17,18,19	ok	600330	3001651	937.7	2740.5	4474.2	5892.0	12758.1	0.393	4.837	0.0003	0.0006	11.336	1.905	49.9	0	3.140	6.806		0.00	
conns	1024 conns	tokio-per-core	1	4	1024	512	1024	0,2,4,6	8,9,10,11,12,13,14,15,16,17,18,19	ok	666125	3330626	1456.7	1943.8	2212.1	3677.7	6815.8	0.393	5.482	0.0001	0.0008	12.885	1.906	36.7	0	3.914	8.583	S	0.00	
conns	1024 conns	compio-pool	1	4	1024	512	1024	0,2,4,6	8,9,10,11,12,13,14,15,16,17,18,19	ok	642723	3213615	1510.1	2026.6	2283.3	3555.8	8852.0	0.616	5.505	0.0001	0.0006	12.497	1.870	38.0	0	3.934	8.032	S	0.00	
conns	1024 conns	tokio-per-core	2	4	1024	512	1024	0,2,4,6	8,9,10,11,12,13,14,15,16,17,18,19	ok	651774	3258869	1443.2	1892.5	2648.9	4036.1	9811.9	0.399	5.640	0.0001	0.0006	13.109	1.915	36.5	0	3.936	8.544	S	0.00	
conns	1024 conns	compio-pool	2	4	1024	512	1024	0,2,4,6	8,9,10,11,12,13,14,15,16,17,18,19	ok	630507	3152537	1526.1	2006.6	2397.7	3497.2	6573.3	0.619	5.618	0.0002	0.0006	12.713	1.873	38.7	0	3.932	8.015	S	0.00	
conns	1024 conns	tokio-default	2	4	1024	512	1024	0,2,4,6	8,9,10,11,12,13,14,15,16,17,18,19	ok	584496	2922480	937.6	2837.5	4642.0	6141.7	18313.7	0.397	4.873	0.0004	0.0008	11.376	1.916	50.8	0	3.080	6.649		0.00	
conns	1024 conns	compio-pool	3	4	1024	512	1024	0,2,4,6	8,9,10,11,12,13,14,15,16,17,18,19	ok	641075	3205373	1485.3	1970.0	2218.8	3837.7	10038.3	0.611	5.497	0.0002	0.0008	12.488	1.878	38.7	0	3.916	8.006	S	0.00	
conns	1024 conns	tokio-default	3	4	1024	512	1024	0,2,4,6	8,9,10,11,12,13,14,15,16,17,18,19	ok	631474	3157371	1132.5	3256.6	5496.1	7931.7	14974.9	0.447	5.720	0.0007	0.0013	13.002	1.921	36.9	0	3.894	8.210	S	0.00	
conns	1024 conns	tokio-per-core	3	4	1024	512	1024	0,2,4,6	8,9,10,11,12,13,14,15,16,17,18,19	ok	642218	3211090	1467.8	1944.3	2171.1	4003.7	9076.0	0.396	5.730	0.0001	0.0007	13.267	1.919	36.8	0	3.934	8.520	S	0.00	
