#sweep	server	workload	workers	conns	value	pipeline	repeat	status	rps	reqs	p50_us	p90_us	p99_us	p999_us	max_us	srv_us_per_req	srv_cpus_used	redis_cpus_used	cli_cpus_used	vol_cs_per_req	invol_cs_per_req	idle_pct	rss_mb	mismatches	failed	flag
single	compio-pool	get	1	64	16	1	1	ok	64891	259565	980.5	1030.5	1067.9	1193.7	1315.5	15.950	1.03	0.40	0.00	0.000	0.000	95.6	4	0	0	S
single	compio-pool	get	1	64	16	1	2	ok	64861	259445	979.1	1029.1	1057.8	1148.1	1273.7	15.957	1.03	0.40	0.00	0.000	0.000	95.6	4	0	0	S
single	compio-pool	get	1	64	16	1	3	ok	64303	257212	987.1	1038.0	1064.1	1157.5	1326.4	16.096	1.03	0.38	0.00	0.000	0.000	95.6	4	0	0	S
single	compio-pool	get	1	64	16	1	4	ok	64580	258319	983.1	1033.1	1063.0	1188.9	1375.2	16.027	1.03	0.40	0.00	0.000	0.000	95.7	4	0	0	S
single	compio-pool	get	1	64	16	1	5	ok	65038	260154	976.5	1026.8	1052.8	1115.3	1396.0	15.914	1.03	0.39	0.00	0.000	0.000	95.5	4	0	0	S
single	compio-pool	set	1	64	16	1	1	ok	63079	252315	1010.4	1060.7	1097.6	1200.9	1451.2	15.853	1.00	0.39	0.00	0.000	0.000	95.7	4	0	0	S
single	compio-pool	set	1	64	16	1	2	ok	63166	252664	1006.9	1057.8	1097.8	1234.7	2289.3	15.871	1.00	0.39	0.00	0.000	0.000	95.5	4	0	0	S
single	compio-pool	set	1	64	16	1	3	ok	63366	253463	1001.7	1052.1	1102.7	1216.4	1554.1	15.742	1.00	0.36	0.00	0.000	0.000	95.2	4	0	0	S
single	compio-pool	set	1	64	16	1	4	ok	62896	251584	1010.4	1062.0	1096.0	1207.7	1376.8	15.939	1.00	0.38	0.00	0.000	0.000	95.7	4	0	0	S
single	compio-pool	set	1	64	16	1	5	ok	63533	254131	999.9	1050.7	1076.9	1115.0	1317.3	15.740	1.00	0.38	0.00	0.000	0.000	95.6	4	0	0	S
single	compio-pool	mix	1	64	16	1	1	ok	64768	259073	981.2	1032.2	1056.2	1079.2	1832.4	15.980	1.03	0.41	0.00	0.000	0.000	95.7	4	0	0	S
single	compio-pool	mix	1	64	16	1	2	ok	63793	255172	997.1	1049.0	1076.0	1099.9	1724.6	16.224	1.03	0.42	0.00	0.000	0.000	95.7	4	0	0	S
single	compio-pool	mix	1	64	16	1	3	ok	63991	255964	991.7	1042.1	1076.2	1235.0	1801.4	16.213	1.04	0.40	0.00	0.000	0.000	95.6	4	0	0	S
single	compio-pool	mix	1	64	16	1	4	ok	63618	254474	996.7	1050.7	1079.7	1214.7	1458.9	16.269	1.03	0.40	0.00	0.000	0.000	95.7	4	0	0	S
single	compio-pool	mix	1	64	16	1	5	ok	63535	254139	999.4	1051.3	1077.3	1102.7	1417.7	16.290	1.03	0.41	0.00	0.000	0.000	95.7	4	0	0	S
single	tokio-percore	get	1	64	16	1	1	ok	57572	230288	1106.9	1220.1	1274.8	1489.7	5187.3	17.977	1.03	0.34	0.00	0.000	0.000	95.1	6	0	0	S
single	tokio-percore	get	1	64	16	1	2	ok	58436	233744	1092.7	1203.5	1248.6	1321.1	1519.1	17.754	1.04	0.33	0.00	0.000	0.000	95.4	6	0	0	S
single	tokio-percore	get	1	64	16	1	3	ok	58229	232917	1097.5	1206.6	1244.4	1272.3	1554.9	17.775	1.03	0.33	0.00	0.000	0.000	95.4	6	0	0	S
single	tokio-percore	get	1	64	16	1	4	ok	58922	235689	1081.4	1193.5	1231.6	1261.5	1521.5	17.566	1.03	0.33	0.00	0.000	0.000	95.4	6	0	0	S
single	tokio-percore	get	1	64	16	1	5	ok	58580	234318	1091.1	1199.7	1238.0	1270.9	1614.2	17.668	1.03	0.33	0.00	0.000	0.000	94.5	6	0	0	S
single	tokio-percore	set	1	64	16	1	1	ok	57265	229060	1117.5	1228.0	1267.3	1296.5	1579.5	17.506	1.00	0.32	0.00	0.000	0.000	95.3	6	0	0	S
single	tokio-percore	set	1	64	16	1	2	ok	57983	231931	1104.6	1212.6	1251.7	1284.3	1579.1	17.290	1.00	0.33	0.00	0.000	0.000	95.5	6	0	0	S
single	tokio-percore	set	1	64	16	1	3	ok	56510	226042	1132.2	1244.8	1290.6	1406.7	1719.3	17.652	1.00	0.33	0.00	0.000	0.000	95.4	6	0	0	S
single	tokio-percore	set	1	64	16	1	4	ok	56343	225371	1137.9	1246.3	1295.5	1443.1	4436.5	17.793	1.00	0.33	0.00	0.000	0.000	95.4	6	0	0	S
single	tokio-percore	set	1	64	16	1	5	ok	56839	227356	1127.5	1236.4	1286.1	1476.4	2304.8	17.594	1.00	0.33	0.00	0.000	0.000	95.3	6	0	0	S
single	tokio-percore	mix	1	64	16	1	1	ok	57653	230612	1116.0	1217.3	1260.4	1300.2	1572.9	17.996	1.04	0.35	0.00	0.000	0.000	95.6	6	0	0	S
single	tokio-percore	mix	1	64	16	1	2	ok	57912	231648	1110.1	1212.5	1259.2	1363.4	1860.0	17.872	1.03	0.35	0.00	0.000	0.000	95.5	6	0	0	S
single	tokio-percore	mix	1	64	16	1	3	ok	58319	233277	1102.9	1204.3	1247.2	1304.8	1555.2	17.747	1.03	0.35	0.00	0.000	0.000	94.5	6	0	0	S
single	tokio-percore	mix	1	64	16	1	4	ok	58682	234726	1095.6	1197.2	1242.5	1320.8	1604.2	17.680	1.04	0.36	0.00	0.000	0.000	94.5	6	0	0	S
single	tokio-percore	mix	1	64	16	1	5	ok	58609	234435	1095.3	1198.9	1245.6	1400.9	2320.2	17.659	1.03	0.35	0.00	0.000	0.000	94.5	6	0	0	S
single	tokio-default	get	1	64	16	1	1	ok	51945	207780	1247.6	1278.8	1326.8	1706.9	2028.5	19.973	1.04	0.42	0.00	0.000	0.000	94.6	6	0	0	S
single	tokio-default	get	1	64	16	1	2	ok	52258	209030	1241.0	1269.1	1305.9	1487.2	1702.2	19.901	1.04	0.43	0.00	0.000	0.000	95.8	6	0	0	S
single	tokio-default	get	1	64	16	1	3	ok	52450	209799	1236.0	1265.7	1304.3	1467.3	1685.0	19.829	1.04	0.42	0.00	0.000	0.000	94.6	6	0	0	S
single	tokio-default	get	1	64	16	1	4	ok	51874	207496	1249.7	1278.1	1325.3	1515.3	1656.9	20.049	1.04	0.42	0.00	0.000	0.000	95.8	6	0	0	S
single	tokio-default	get	1	64	16	1	5	ok	52053	208211	1245.6	1275.4	1316.4	1493.8	1674.0	19.980	1.04	0.42	0.00	0.000	0.000	95.9	6	0	0	S
single	tokio-default	set	1	64	16	1	1	ok	53202	212806	1218.9	1247.4	1280.1	1433.8	1567.1	18.796	1.00	0.44	0.00	0.000	0.000	95.8	6	0	0	S
single	tokio-default	set	1	64	16	1	2	ok	52113	208452	1244.3	1272.4	1306.6	1498.9	1728.4	19.189	1.00	0.42	0.00	0.000	0.000	95.8	6	0	0	S
single	tokio-default	set	1	64	16	1	3	ok	52925	211699	1226.3	1250.8	1275.8	1311.5	1627.1	18.942	1.00	0.43	0.00	0.000	0.000	95.8	6	0	0	S
single	tokio-default	set	1	64	16	1	4	ok	52228	208914	1241.2	1272.3	1317.3	1473.2	1593.8	19.147	1.00	0.43	0.00	0.000	0.000	95.8	6	0	0	S
single	tokio-default	set	1	64	16	1	5	ok	52914	211657	1225.1	1254.5	1289.6	1458.1	1596.4	18.946	1.00	0.43	0.00	0.000	0.000	95.8	6	0	0	S
single	tokio-default	mix	1	64	16	1	1	ok	53729	214916	1206.5	1235.0	1270.0	1464.5	1629.7	19.356	1.04	0.45	0.00	0.000	0.000	95.8	6	0	0	S
single	tokio-default	mix	1	64	16	1	2	ok	53120	212479	1221.2	1247.9	1277.3	1366.1	1568.1	19.531	1.04	0.45	0.00	0.000	0.000	95.8	6	0	0	S
single	tokio-default	mix	1	64	16	1	3	ok	53086	212343	1222.5	1247.2	1271.5	1295.7	1554.4	19.638	1.04	0.45	0.00	0.000	0.000	94.5	6	0	0	S
single	tokio-default	mix	1	64	16	1	4	ok	53196	212785	1219.0	1246.5	1280.6	1438.1	1533.8	19.503	1.04	0.45	0.00	0.000	0.000	95.8	6	0	0	S
single	tokio-default	mix	1	64	16	1	5	ok	53158	212630	1220.1	1246.5	1279.2	1434.0	1568.3	19.565	1.04	0.45	0.00	0.000	0.000	95.8	6	0	0	S
single	compio-pool	get	2	64	16	1	1	ok	129168	516673	496.1	531.5	575.6	680.7	788.8	15.735	2.03	0.71	0.00	0.000	0.000	91.6	4	0	0	S
single	compio-pool	get	2	64	16	1	2	ok	129032	516126	537.5	578.0	600.8	637.4	818.8	15.752	2.03	0.71	0.00	0.000	0.000	89.8	4	0	0	S
single	compio-pool	get	2	64	16	1	3	ok	127810	511241	544.9	601.6	663.8	764.7	1355.0	15.922	2.04	0.70	0.00	0.000	0.000	89.9	4	0	0	S
single	compio-pool	get	2	64	16	1	4	ok	127484	509935	499.6	518.6	581.7	674.4	3671.1	15.943	2.03	0.69	0.00	0.000	0.000	91.3	4	0	0	S
single	compio-pool	get	2	64	16	1	5	ok	129283	517132	494.6	535.7	569.8	680.8	2413.0	15.721	2.03	0.70	0.00	0.000	0.000	91.3	4	0	0	S
single	compio-pool	set	2	64	16	1	1	ok	126359	505435	510.7	560.7	593.6	643.0	884.3	15.848	2.00	0.71	0.00	0.000	0.000	91.5	4	0	0	S
single	compio-pool	set	2	64	16	1	2	ok	127272	509089	479.0	625.6	653.7	706.0	861.7	15.714	2.00	0.71	0.00	0.000	0.000	91.5	4	0	0	S
single	compio-pool	set	2	64	16	1	3	ok	126639	506555	508.2	545.6	581.5	683.3	855.8	15.793	2.00	0.71	0.00	0.000	0.000	91.5	4	0	0	S
single	compio-pool	set	2	64	16	1	4	ok	126972	507889	505.8	565.6	599.8	706.5	862.8	15.771	2.00	0.71	0.00	0.000	0.000	91.5	4	0	0	S
single	compio-pool	set	2	64	16	1	5	ok	125194	500777	500.1	581.5	668.8	1462.0	1652.7	15.975	2.00	0.71	0.00	0.000	0.000	91.5	4	0	0	S
single	compio-pool	mix	2	64	16	1	1	ok	142099	568396	372.4	574.4	604.0	643.9	895.6	14.286	2.03	0.78	0.00	0.000	0.000	89.9	4	0	0	S
single	compio-pool	mix	2	64	16	1	2	ok	128676	514703	454.8	591.8	620.0	675.4	916.6	15.815	2.04	0.73	0.00	0.000	0.000	91.5	4	0	0	S
single	compio-pool	mix	2	64	16	1	3	ok	128893	515573	500.4	551.5	578.1	610.7	746.0	15.769	2.03	0.73	0.00	0.000	0.000	91.6	4	0	0	S
single	compio-pool	mix	2	64	16	1	4	ok	128824	515298	533.7	594.9	629.7	672.8	1685.7	15.777	2.03	0.73	0.00	0.000	0.000	91.5	4	0	0	S
single	compio-pool	mix	2	64	16	1	5	ok	129466	517862	493.6	514.9	546.6	600.7	752.0	15.718	2.04	0.73	0.00	0.000	0.000	91.4	4	0	0	S
single	tokio-percore	get	2	64	16	1	1	ok	114794	459176	550.4	650.9	690.1	741.4	1029.1	17.749	2.04	0.63	0.00	0.000	0.000	91.9	7	0	0	S
single	tokio-percore	get	2	64	16	1	2	ok	114977	459909	548.0	671.1	713.4	749.5	1036.7	17.699	2.04	0.64	0.00	0.000	0.000	91.9	7	0	0	S
single	tokio-percore	get	2	64	16	1	3	ok	115173	460692	558.4	613.2	649.2	683.6	884.0	17.691	2.04	0.62	0.00	0.000	0.000	91.4	7	0	0	S
single	tokio-percore	get	2	64	16	1	4	ok	115421	461685	556.1	614.4	656.9	762.7	924.6	17.631	2.04	0.63	0.00	0.000	0.000	91.9	7	0	0	S
single	tokio-percore	get	2	64	16	1	5	ok	114594	458376	563.9	610.1	641.8	680.4	856.3	17.802	2.04	0.62	0.00	0.000	0.000	91.9	7	0	0	S
single	tokio-percore	set	2	64	16	1	1	ok	114967	459867	473.7	768.6	811.3	847.4	1060.3	17.396	2.00	0.66	0.00	0.000	0.000	91.1	7	0	0	S
single	tokio-percore	set	2	64	16	1	2	ok	114099	456397	544.6	699.4	747.4	840.7	1706.4	17.507	2.00	0.65	0.00	0.000	0.000	91.6	7	0	0	S
single	tokio-percore	set	2	64	16	1	3	ok	114660	458639	516.4	731.4	778.6	819.5	1548.4	17.443	2.00	0.64	0.00	0.000	0.000	91.9	7	0	0	S
single	tokio-percore	set	2	64	16	1	4	ok	113954	455814	566.3	612.4	646.8	738.1	1447.6	17.573	2.00	0.64	0.00	0.000	0.000	91.9	7	0	0	S
single	tokio-percore	set	2	64	16	1	5	ok	114228	456912	550.9	710.8	756.3	800.0	1110.1	17.531	2.00	0.65	0.00	0.000	0.000	91.9	7	0	0	S
single	tokio-percore	mix	2	64	16	1	1	ok	116898	467593	537.7	657.2	700.2	756.1	939.6	17.408	2.04	0.68	0.00	0.000	0.000	91.8	7	0	0	S
single	tokio-percore	mix	2	64	16	1	2	ok	115953	463813	556.5	601.9	637.6	735.9	968.2	17.550	2.04	0.65	0.00	0.000	0.000	91.8	7	0	0	S
single	tokio-percore	mix	2	64	16	1	3	ok	117368	469470	542.2	617.8	654.6	689.0	914.0	17.381	2.04	0.67	0.00	0.000	0.000	91.8	7	0	0	S
single	tokio-percore	mix	2	64	16	1	4	ok	118214	472855	528.9	688.2	732.1	771.3	955.4	17.215	2.04	0.67	0.00	0.000	0.000	91.8	7	0	0	S
single	tokio-percore	mix	2	64	16	1	5	ok	117347	469387	535.7	655.3	695.8	725.9	919.3	17.363	2.04	0.68	0.00	0.000	0.000	91.8	7	0	0	S
single	tokio-default	get	2	64	16	1	1	ok	94773	379092	678.9	837.2	921.3	980.5	1535.3	21.288	2.02	0.67	0.00	0.021	0.000	92.3	7	0	0	S
single	tokio-default	get	2	64	16	1	2	ok	95056	380224	676.9	833.3	918.7	982.6	1307.5	21.172	2.01	0.67	0.00	0.021	0.000	92.3	7	0	0	S
single	tokio-default	get	2	64	16	1	3	ok	95112	380449	675.2	834.2	939.4	1222.7	1724.7	21.185	2.02	0.67	0.00	0.021	0.000	90.6	7	0	0	S
single	tokio-default	get	2	64	16	1	4	ok	94592	378366	680.7	837.5	923.0	981.8	1161.7	21.276	2.01	0.67	0.00	0.021	0.000	92.4	7	0	0	S
single	tokio-default	get	2	64	16	1	5	ok	95080	380320	676.6	833.8	920.7	983.1	1301.0	21.166	2.01	0.67	0.00	0.021	0.000	92.4	7	0	0	S
single	tokio-default	set	2	64	16	1	1	ok	97023	388092	662.9	816.9	901.8	965.0	1173.5	20.330	1.97	0.69	0.00	0.019	0.000	92.2	7	0	0	S
single	tokio-default	set	2	64	16	1	2	ok	96992	387967	663.0	816.9	899.6	960.2	1140.5	20.311	1.97	0.69	0.00	0.019	0.000	92.2	7	0	0	S
single	tokio-default	set	2	64	16	1	3	ok	97474	389896	660.0	812.5	895.3	955.8	1221.7	20.236	1.97	0.69	0.00	0.019	0.000	92.2	7	0	0	S
single	tokio-default	set	2	64	16	1	4	ok	96610	386441	665.9	820.5	904.0	965.5	1752.6	20.417	1.97	0.69	0.00	0.019	0.000	92.0	7	0	0	S
single	tokio-default	set	2	64	16	1	5	ok	96222	384889	668.5	823.3	906.8	964.5	1192.5	20.499	1.97	0.69	0.00	0.019	0.000	92.3	7	0	0	S
single	tokio-default	mix	2	64	16	1	1	ok	97046	388185	663.0	815.9	900.3	972.6	1603.2	20.712	2.01	0.70	0.00	0.020	0.000	92.2	7	0	0	S
single	tokio-default	mix	2	64	16	1	2	ok	97329	389317	660.7	814.2	898.9	965.6	1342.5	20.703	2.02	0.71	0.00	0.020	0.000	92.2	7	0	0	S
single	tokio-default	mix	2	64	16	1	3	ok	97304	389215	661.1	814.3	896.5	960.2	1449.3	20.683	2.01	0.71	0.00	0.020	0.000	92.2	7	0	0	S
single	tokio-default	mix	2	64	16	1	4	ok	98340	393359	654.0	806.1	889.2	947.8	1132.7	20.490	2.02	0.71	0.00	0.020	0.000	92.2	7	0	0	S
single	tokio-default	mix	2	64	16	1	5	ok	105731	422925	608.0	749.2	826.1	880.9	1154.7	19.010	2.01	0.74	0.00	0.020	0.000	90.5	7	0	0	S
single	compio-pool	get	4	128	16	1	1	ok	196128	784510	623.9	831.8	1012.4	1118.0	1593.2	16.762	3.29	1.02	0.00	0.067	0.000	84.8	5	0	0	R
single	compio-pool	get	4	128	16	1	2	ok	196438	785750	621.0	825.0	1002.6	1124.6	1685.4	16.799	3.30	1.02	0.00	0.066	0.000	85.5	5	0	0	R
single	compio-pool	get	4	128	16	1	3	ok	196714	786856	618.4	824.5	998.1	1091.9	1693.1	16.865	3.32	1.02	0.00	0.068	0.000	86.1	5	0	0	R
single	compio-pool	get	4	128	16	1	4	ok	199449	797797	615.7	834.5	979.7	1081.3	1417.5	16.683	3.33	1.02	0.00	0.058	0.000	84.9	5	0	0	R
single	compio-pool	get	4	128	16	1	5	ok	197528	790114	620.6	821.2	986.4	1093.5	1284.7	16.884	3.33	1.02	0.00	0.064	0.000	84.8	5	0	0	R
single	compio-pool	set	4	128	16	1	1	ok	190933	763731	641.1	848.5	1015.5	1130.4	1496.9	16.616	3.17	1.00	0.00	0.062	0.000	86.5	5	0	0	R
single	compio-pool	set	4	128	16	1	2	ok	191316	765266	635.5	846.6	1022.3	1117.4	1325.5	16.504	3.16	1.00	0.00	0.065	0.000	85.8	5	0	0	R
single	compio-pool	set	4	128	16	1	3	ok	190878	763512	637.1	849.7	1024.4	1118.8	1284.6	16.660	3.18	1.00	0.00	0.064	0.000	86.6	5	0	0	R
single	compio-pool	set	4	128	16	1	4	ok	193415	773660	629.7	838.9	1011.0	1103.0	1518.1	16.480	3.19	1.00	0.00	0.063	0.000	86.5	5	0	0	R
single	compio-pool	set	4	128	16	1	5	ok	191616	766464	638.9	850.3	1024.6	1126.0	1472.5	16.570	3.17	1.00	0.00	0.062	0.000	86.5	6	0	0	R
single	compio-pool	mix	4	128	16	1	1	ok	193598	774394	631.7	841.5	1011.4	1106.6	1773.3	16.774	3.25	1.02	0.00	0.066	0.000	84.7	6	0	0	R
single	compio-pool	mix	4	128	16	1	2	ok	192098	768394	632.9	843.5	1018.6	1124.8	81522.4	16.827	3.23	1.02	0.00	0.064	0.000	86.5	6	0	0	R
single	compio-pool	mix	4	128	16	1	3	ok	193126	772502	632.2	843.0	1017.3	1110.2	1310.6	16.777	3.24	1.02	0.00	0.067	0.000	86.6	6	0	0	R
single	compio-pool	mix	4	128	16	1	4	ok	191237	764949	635.2	848.8	1026.7	1132.2	1553.1	16.903	3.23	1.02	0.00	0.068	0.000	85.1	6	0	0	R
single	compio-pool	mix	4	128	16	1	5	ok	190952	763809	636.7	850.8	1028.2	1153.2	1766.3	16.928	3.23	1.02	0.00	0.068	0.000	85.9	6	0	0	R
single	tokio-percore	get	4	128	16	1	1	ok	198514	794058	619.9	796.1	998.7	1120.0	1770.1	18.286	3.63	1.02	0.00	0.054	0.000	85.5	10	0	0	SR
single	tokio-percore	get	4	128	16	1	2	ok	200422	801687	615.0	791.0	988.2	1091.3	1515.0	18.299	3.67	1.02	0.00	0.050	0.000	85.5	10	0	0	SR
single	tokio-percore	get	4	128	16	1	3	ok	200066	800265	616.1	791.3	988.4	1091.7	1417.3	18.306	3.66	1.02	0.00	0.051	0.000	83.8	10	0	0	SR
single	tokio-percore	get	4	128	16	1	4	ok	201312	805246	613.3	785.7	979.2	1082.6	1396.1	18.230	3.67	1.02	0.00	0.049	0.000	85.2	10	0	0	SR
single	tokio-percore	get	4	128	16	1	5	ok	200694	802775	616.8	787.5	981.5	1086.2	1449.6	18.299	3.67	1.02	0.00	0.046	0.000	85.3	10	0	0	SR
single	tokio-percore	set	4	128	16	1	1	ok	194087	776347	631.9	815.9	1011.9	1119.7	1456.5	17.801	3.46	1.00	0.00	0.056	0.000	84.6	10	0	0	SR
single	tokio-percore	set	4	128	16	1	2	ok	193755	775019	633.9	817.1	1033.4	1400.2	1875.2	17.922	3.47	1.00	0.00	0.053	0.000	85.8	10	0	0	SR
single	tokio-percore	set	4	128	16	1	3	ok	194454	777818	636.0	816.8	1005.0	1128.7	1327.3	17.729	3.45	1.00	0.00	0.048	0.000	85.8	10	0	0	SR
single	tokio-percore	set	4	128	16	1	4	ok	195270	781079	635.6	815.6	1003.8	1113.2	1386.7	17.681	3.45	1.00	0.00	0.045	0.000	85.9	10	0	0	SR
single	tokio-percore	set	4	128	16	1	5	ok	193839	775356	634.9	812.2	1008.7	1121.0	1475.4	17.824	3.46	1.00	0.00	0.053	0.000	85.9	10	0	0	SR
single	tokio-percore	mix	4	128	16	1	1	ok	194916	779662	634.7	813.5	999.9	1120.4	1566.6	18.213	3.55	1.02	0.00	0.051	0.000	85.7	10	0	0	SR
single	tokio-percore	mix	4	128	16	1	2	ok	195853	783412	627.0	809.5	1001.3	1107.7	1298.0	18.215	3.57	1.02	0.00	0.057	0.000	85.7	10	0	0	SR
single	tokio-percore	mix	4	128	16	1	3	ok	194066	776266	634.3	828.4	1014.0	1138.8	1469.8	18.164	3.52	1.02	0.00	0.051	0.000	85.8	10	0	0	SR
single	tokio-percore	mix	4	128	16	1	4	ok	193741	774963	635.1	815.6	1012.8	1125.8	1697.0	18.259	3.54	1.02	0.00	0.057	0.000	85.1	10	0	0	SR
single	tokio-percore	mix	4	128	16	1	5	ok	194080	776319	635.9	809.4	1000.8	1118.1	1507.2	18.188	3.53	1.02	0.00	0.054	0.000	84.2	10	0	0	SR
single	tokio-default	get	4	128	16	1	1	ok	185391	741564	685.9	889.3	1090.5	1235.0	1535.0	21.064	3.90	1.02	0.00	0.033	0.000	85.3	9	0	0	SR
single	tokio-default	get	4	128	16	1	2	ok	185644	742575	684.7	889.0	1087.0	1217.0	1494.3	20.981	3.90	1.01	0.00	0.034	0.000	85.3	10	0	0	SR
single	tokio-default	get	4	128	16	1	3	ok	184734	738934	688.3	893.0	1094.8	1234.0	1825.3	21.111	3.90	1.01	0.00	0.034	0.000	85.3	9	0	0	SR
single	tokio-default	get	4	128	16	1	4	ok	183641	734564	691.8	899.0	1106.1	1273.2	1977.6	21.264	3.90	1.01	0.00	0.035	0.000	85.3	10	0	0	SR
single	tokio-default	get	4	128	16	1	5	ok	184157	736627	689.3	897.9	1101.8	1272.7	3965.7	21.164	3.90	1.01	0.00	0.035	0.000	85.3	10	0	0	SR
single	tokio-default	set	4	128	16	1	1	ok	184875	739499	687.8	887.8	1076.7	1207.5	1605.0	20.622	3.81	1.00	0.00	0.035	0.000	85.3	9	0	0	SR
single	tokio-default	set	4	128	16	1	2	ok	186469	745876	682.5	878.2	1067.3	1192.0	1672.5	20.459	3.81	1.00	0.00	0.033	0.000	85.3	10	0	0	SR
single	tokio-default	set	4	128	16	1	3	ok	187181	748725	679.7	875.4	1065.4	1187.8	1461.5	20.381	3.81	1.00	0.00	0.032	0.000	85.4	9	0	0	SR
single	tokio-default	set	4	128	16	1	4	ok	185816	743262	684.9	880.2	1070.1	1193.2	1434.6	20.545	3.82	1.00	0.00	0.033	0.000	85.3	10	0	0	SR
single	tokio-default	set	4	128	16	1	5	ok	186348	745393	682.8	877.9	1067.7	1190.4	1502.1	20.499	3.82	1.00	0.00	0.033	0.000	85.4	10	0	0	SR
single	tokio-default	mix	4	128	16	1	1	ok	186258	745032	683.1	877.6	1066.6	1188.2	1450.2	20.925	3.90	1.02	0.00	0.034	0.000	85.2	10	0	0	SR
single	tokio-default	mix	4	128	16	1	2	ok	186624	746494	681.3	876.6	1069.3	1223.7	1850.5	20.858	3.89	1.02	0.00	0.036	0.000	85.2	10	0	0	SR
single	tokio-default	mix	4	128	16	1	3	ok	187384	749536	679.2	872.6	1058.6	1175.9	1411.8	20.786	3.90	1.02	0.00	0.036	0.000	85.3	10	0	0	SR
single	tokio-default	mix	4	128	16	1	4	ok	186612	746446	682.1	876.3	1064.2	1187.1	1415.4	20.912	3.90	1.02	0.00	0.034	0.000	85.2	10	0	0	SR
single	tokio-default	mix	4	128	16	1	5	ok	186537	746147	682.2	878.7	1070.7	1197.1	1434.2	20.921	3.90	1.02	0.00	0.033	0.000	85.3	10	0	0	SR
single	compio-pool	get	8	256	16	1	1	ok	164301	657203	1509.8	1571.7	3033.6	3146.8	3329.2	21.713	3.57	1.05	0.00	0.683	0.000	85.7	7	0	0	R
single	compio-pool	get	8	256	16	1	2	ok	163817	655267	1510.9	1570.2	3028.7	3151.5	3553.5	21.716	3.56	1.05	0.00	0.722	0.000	85.8	7	0	0	R
single	compio-pool	get	8	256	16	1	3	ok	163906	655625	1509.1	1570.2	3031.9	3146.6	5213.6	21.369	3.50	1.05	0.00	0.692	0.000	85.7	7	0	0	R
single	compio-pool	get	8	256	16	1	4	ok	164672	658686	1503.3	1557.4	3013.0	3111.6	3575.5	21.558	3.55	1.05	0.00	0.684	0.000	85.8	8	0	0	R
single	compio-pool	get	8	256	16	1	5	ok	163020	652081	1518.2	1571.7	3042.8	3145.5	3358.4	21.838	3.56	1.05	0.00	0.698	0.000	85.7	8	0	0	R
single	compio-pool	set	8	256	16	1	1	ok	158943	635771	1558.0	1607.8	3120.8	3216.8	3376.4	20.699	3.29	1.00	0.00	0.674	0.000	86.3	8	0	0	R
single	compio-pool	set	8	256	16	1	2	ok	161134	644534	1534.9	1585.2	3075.5	3171.4	3555.6	20.449	3.29	1.00	0.00	0.610	0.000	86.1	8	0	0	R
single	compio-pool	set	8	256	16	1	3	ok	161469	645876	1533.9	1590.9	3077.4	3180.2	3532.7	19.911	3.21	1.00	0.00	0.650	0.000	86.3	8	0	0	R
single	compio-pool	set	8	256	16	1	4	ok	161707	646827	1529.4	1610.0	3081.8	3231.4	3726.7	19.696	3.19	1.00	0.00	0.628	0.000	86.5	8	0	0	R
single	compio-pool	set	8	256	16	1	5	ok	163736	654943	1510.6	1574.0	3032.3	3154.9	3473.2	19.651	3.22	1.00	0.00	0.656	0.000	86.5	8	0	0	R
single	compio-pool	mix	8	256	16	1	1	ok	161085	644341	1530.9	1618.1	3076.7	3240.6	3659.8	21.666	3.49	1.05	0.00	0.657	0.000	85.9	8	0	0	R
single	compio-pool	mix	8	256	16	1	2	ok	161146	644584	1534.7	1599.9	3081.4	3201.5	3467.6	21.642	3.49	1.05	0.00	0.665	0.000	86.1	8	0	0	R
single	compio-pool	mix	8	256	16	1	3	ok	162728	650910	1525.0	1592.2	3062.3	3180.1	3823.3	21.554	3.51	1.05	0.00	0.636	0.000	86.0	8	0	0	R
single	compio-pool	mix	8	256	16	1	4	ok	163433	653731	1515.4	1584.1	3042.6	3167.7	3371.2	21.416	3.50	1.05	0.00	0.607	0.000	86.0	8	0	0	R
single	compio-pool	mix	8	256	16	1	5	ok	162611	650443	1520.7	1579.7	3047.1	3152.7	3382.2	21.631	3.52	1.05	0.00	0.648	0.000	85.9	8	0	0	R
single	compio-pool	ping	8	256	16	1	1	ok	179230	716922	1384.8	1429.8	2777.2	2866.0	3256.7	19.681	3.53	1.00	0.00	0.711	0.000	85.4	8	0	0	R
single	compio-pool	ping	8	256	16	1	2	ok	182115	728461	1363.3	1422.0	2737.4	2846.0	3428.7	20.111	3.66	1.00	0.00	0.610	0.000	85.0	8	0	0	R
single	compio-pool	ping	8	256	16	1	3	ok	181733	726933	1363.9	1422.2	2741.2	2853.2	5213.7	19.397	3.52	1.00	0.00	0.684	0.000	85.2	8	0	0	R
single	compio-pool	ping	8	256	16	1	4	ok	179867	719469	1376.6	1432.3	2760.5	2868.7	3163.3	20.279	3.65	1.00	0.00	0.647	0.000	85.2	8	0	0	R
single	compio-pool	ping	8	256	16	1	5	ok	179213	716851	1382.6	1433.9	2774.3	2873.9	3094.3	19.948	3.58	1.00	0.00	0.677	0.000	85.2	8	0	0	R
single	compio-pool	get	8	256	256	1	1	ok	160170	640680	1543.8	1616.5	3095.1	3232.6	3490.0	21.805	3.49	1.05	0.00	0.672	0.000	86.0	8	0	0	R
single	compio-pool	get	8	256	256	1	2	ok	160904	643617	1537.7	1594.9	3081.1	3188.4	3368.6	21.814	3.51	1.05	0.00	0.642	0.000	85.8	9	0	0	R
single	compio-pool	get	8	256	256	1	3	ok	157372	629490	1573.0	1634.0	3152.3	3263.1	3567.8	21.986	3.46	1.05	0.00	0.671	0.000	86.0	9	0	0	R
single	compio-pool	get	8	256	256	1	4	ok	157554	630218	1570.5	1633.3	3149.1	3270.3	3531.4	21.818	3.44	1.05	0.00	0.662	0.000	85.9	9	0	0	R
single	compio-pool	get	8	256	256	1	5	ok	157312	629248	1571.0	1650.5	3151.0	3318.0	3671.5	21.947	3.45	1.05	0.00	0.669	0.000	86.1	9	0	0	R
single	compio-pool	get	8	256	4096	1	1	ok	118484	473934	2143.7	2284.0	4314.7	4581.2	4975.1	24.961	2.96	1.07	0.00	0.690	0.000	87.8	15	0	0	R
single	compio-pool	get	8	256	4096	1	2	ok	123128	492511	2022.4	2091.8	4045.8	4179.2	4514.3	24.893	3.06	1.05	0.00	0.724	0.000	87.4	15	0	0	R
single	compio-pool	get	8	256	4096	1	3	ok	122482	489930	2034.9	2118.7	4077.5	4236.0	4595.4	25.065	3.07	1.06	0.00	0.757	0.000	87.4	16	0	0	R
single	compio-pool	get	8	256	4096	1	4	ok	124000	495998	2004.2	2096.5	4012.9	4203.8	5260.4	25.121	3.12	1.06	0.00	0.767	0.000	87.2	16	0	0	R
single	compio-pool	get	8	256	4096	1	5	ok	122184	488738	2041.0	2127.3	4091.2	4253.3	4562.8	25.208	3.08	1.05	0.00	0.760	0.000	87.4	16	0	0	R
single	compio-pool	get	8	256	16	8	1	ok	153952	615808	13154.0	13682.4	23369.4	26971.0	29163.8	18.577	2.86	1.06	0.00	0.579	0.000	89.2	16	0	0	R
single	compio-pool	get	8	256	16	8	2	ok	151694	606776	13253.9	13645.5	23496.1	26853.4	27830.8	18.738	2.84	1.05	0.00	0.649	0.000	89.3	16	0	0	R
single	compio-pool	get	8	256	16	8	3	ok	155602	622408	12970.8	13326.9	23345.6	26394.8	27124.2	18.493	2.88	1.05	0.00	0.593	0.000	89.3	16	0	0	R
single	compio-pool	get	8	256	16	8	4	ok	154080	616320	13093.4	13300.5	23214.4	26421.4	26732.1	18.610	2.87	1.05	0.00	0.629	0.000	89.2	16	0	0	R
single	compio-pool	get	8	256	16	8	5	ok	159596	638384	12806.7	13100.4	22875.9	25953.1	26834.7	18.108	2.89	1.05	0.00	0.529	0.000	88.8	16	0	0	R
single	tokio-percore	get	8	256	16	1	1	ok	167838	671351	1474.6	1531.4	2955.4	3052.2	3289.7	22.954	3.85	1.05	0.00	0.646	0.000	85.0	16	0	0	R
single	tokio-percore	get	8	256	16	1	2	ok	167948	671792	1472.6	1528.6	2951.1	3049.8	3235.5	22.983	3.86	1.05	0.00	0.659	0.000	85.1	16	0	0	R
single	tokio-percore	get	8	256	16	1	3	ok	168068	672272	1471.0	1523.4	2944.1	3037.6	3275.5	22.997	3.87	1.05	0.00	0.663	0.000	85.1	16	0	0	R
single	tokio-percore	get	8	256	16	1	4	ok	169164	676655	1461.2	1518.1	2927.4	3022.6	3213.1	22.862	3.87	1.05	0.00	0.628	0.000	85.1	17	0	0	R
single	tokio-percore	get	8	256	16	1	5	ok	167867	671469	1472.0	1531.2	2947.6	3053.0	3204.1	23.024	3.87	1.05	0.00	0.660	0.000	85.1	17	0	0	R
single	tokio-percore	set	8	256	16	1	1	ok	161688	646754	1529.3	1580.3	3060.0	3150.9	3334.3	21.770	3.52	1.00	0.00	0.650	0.000	85.8	17	0	0	R
single	tokio-percore	set	8	256	16	1	2	ok	161120	644482	1534.1	1596.5	3073.5	3184.1	3334.9	21.785	3.51	1.00	0.00	0.641	0.000	85.8	17	0	0	R
single	tokio-percore	set	8	256	16	1	3	ok	163960	655842	1507.6	1561.6	3017.5	3116.0	4597.0	21.469	3.52	1.00	0.00	0.580	0.000	85.4	18	0	0	R
single	tokio-percore	set	8	256	16	1	4	ok	161332	645329	1531.6	1598.1	3069.4	3186.9	3479.8	21.865	3.53	1.00	0.00	0.657	0.000	85.7	18	0	0	R
single	tokio-percore	set	8	256	16	1	5	ok	161787	647147	1527.4	1598.7	3064.8	3190.8	3786.3	21.664	3.50	1.00	0.00	0.608	0.000	85.9	18	0	0	R
single	tokio-percore	mix	8	256	16	1	1	ok	164866	659466	1497.1	1562.9	3000.8	3107.8	3594.7	22.397	3.69	1.05	0.00	0.584	0.000	85.7	18	0	0	R
single	tokio-percore	mix	8	256	16	1	2	ok	162868	651471	1516.8	1587.3	3041.3	3171.9	3514.7	22.733	3.70	1.05	0.00	0.620	0.000	85.6	18	0	0	R
single	tokio-percore	mix	8	256	16	1	3	ok	162657	650627	1520.0	1585.7	3049.1	3166.4	3402.7	22.886	3.72	1.05	0.00	0.689	0.000	85.4	18	0	0	R
single	tokio-percore	mix	8	256	16	1	4	ok	163570	654282	1509.9	1572.0	3022.6	3140.1	3532.4	22.727	3.72	1.05	0.00	0.659	0.000	85.5	18	0	0	R
single	tokio-percore	mix	8	256	16	1	5	ok	163583	654333	1510.1	1579.4	3028.5	3151.4	3473.9	22.695	3.71	1.05	0.00	0.622	0.000	85.6	18	0	0	R
single	tokio-percore	ping	8	256	16	1	1	ok	183612	734449	1349.2	1402.1	2701.4	2794.7	2990.2	21.363	3.92	1.00	0.00	0.625	0.000	84.5	18	0	0	R
single	tokio-percore	ping	8	256	16	1	2	ok	186971	747884	1323.6	1388.2	2658.3	2763.3	5911.1	21.166	3.96	1.00	0.00	0.549	0.000	83.9	18	0	0	R
single	tokio-percore	ping	8	256	16	1	3	ok	180697	722789	1370.2	1433.0	2748.4	2861.9	3189.9	21.472	3.88	1.00	0.00	0.657	0.000	84.7	18	0	0	R
single	tokio-percore	ping	8	256	16	1	4	ok	182580	730321	1355.1	1409.1	2713.8	2808.7	2981.4	21.306	3.89	1.00	0.00	0.601	0.000	84.6	18	0	0	R
single	tokio-percore	ping	8	256	16	1	5	ok	177767	711067	1393.8	1449.2	2792.5	2889.0	3287.7	21.644	3.85	1.00	0.00	0.674	0.000	84.7	18	0	0	R
single	tokio-percore	get	8	256	256	1	1	ok	161110	644442	1535.0	1601.5	3077.0	3193.9	3416.9	23.385	3.77	1.05	0.00	0.656	0.000	85.4	18	0	0	R
single	tokio-percore	get	8	256	256	1	2	ok	160665	642661	1537.3	1613.9	3084.5	3216.7	3435.6	23.418	3.76	1.05	0.00	0.648	0.000	85.5	18	0	0	R
single	tokio-percore	get	8	256	256	1	3	ok	159628	638514	1548.1	1622.1	3101.0	3234.4	4985.3	23.398	3.73	1.05	0.00	0.667	0.000	85.2	19	0	0	R
single	tokio-percore	get	8	256	256	1	4	ok	160480	641922	1538.5	1618.0	3085.2	3234.4	4474.1	23.476	3.77	1.05	0.00	0.647	0.000	85.5	19	0	0	R
single	tokio-percore	get	8	256	256	1	5	ok	161279	645115	1533.2	1595.7	3072.2	3177.8	3414.0	23.422	3.78	1.05	0.00	0.648	0.000	85.5	19	0	0	R
single	tokio-percore	get	8	256	4096	1	1	ok	116424	465694	2158.4	2279.5	4328.4	4565.3	5040.7	27.765	3.23	1.07	0.00	0.755	0.000	87.4	20	0	0	R
single	tokio-percore	get	8	256	4096	1	2	ok	121568	486273	2049.3	2142.4	4104.7	4279.8	4583.4	27.577	3.35	1.06	0.00	0.738	0.000	86.9	20	0	0	R
single	tokio-percore	get	8	256	4096	1	3	ok	122866	491462	2019.5	2126.0	4047.4	4249.1	5153.5	27.306	3.35	1.06	0.00	0.701	0.000	87.0	20	0	0	R
single	tokio-percore	get	8	256	4096	1	4	ok	121917	487669	2041.4	2147.6	4092.3	4297.0	5000.6	27.457	3.35	1.06	0.00	0.741	0.000	87.0	20	0	0	R
single	tokio-percore	get	8	256	4096	1	5	ok	121623	486492	2040.5	2130.7	4084.0	4258.1	5432.4	27.421	3.33	1.06	0.00	0.723	0.000	86.8	20	0	0	R
single	tokio-percore	get	8	256	16	8	1	ok	168698	674792	11890.8	12482.4	21979.7	24401.7	26256.5	19.650	3.31	1.06	0.00	0.434	0.000	87.7	20	0	0	R
single	tokio-percore	get	8	256	16	8	2	ok	167360	669440	12026.2	12440.3	22068.2	24562.6	26434.8	19.867	3.33	1.05	0.00	0.476	0.000	88.0	20	0	0	R
single	tokio-percore	get	8	256	16	8	3	ok	162080	648320	12406.3	12677.0	23030.9	25119.4	25603.8	20.221	3.28	1.05	0.00	0.527	0.000	88.2	20	0	0	R
single	tokio-percore	get	8	256	16	8	4	ok	170726	682904	11800.1	12501.6	21274.0	24575.6	25843.2	19.549	3.34	1.05	0.00	0.426	0.000	87.7	20	0	0	R
single	tokio-percore	get	8	256	16	8	5	ok	167442	669768	11986.2	12331.2	22348.2	24321.4	25015.7	19.887	3.33	1.05	0.00	0.468	0.000	87.9	20	0	0	R
single	tokio-default	get	8	256	16	1	1	ok	192915	771660	1246.4	1605.2	2256.1	2402.8	2786.8	25.037	4.83	1.04	0.00	0.313	0.000	82.3	15	0	0	R
single	tokio-default	get	8	256	16	1	2	ok	195096	780384	1231.5	1586.1	2232.1	2358.4	2649.0	24.834	4.84	1.04	0.00	0.315	0.000	83.4	16	0	0	R
single	tokio-default	get	8	256	16	1	3	ok	195114	780456	1232.3	1585.9	2233.1	2372.1	2879.4	24.921	4.86	1.04	0.00	0.317	0.000	85.3	16	0	0	R
single	tokio-default	get	8	256	16	1	4	ok	196989	787957	1221.5	1569.6	2202.0	2324.6	2564.9	24.925	4.91	1.04	0.00	0.315	0.000	86.8	16	0	0	R
single	tokio-default	get	8	256	16	1	5	ok	196710	786839	1222.4	1572.3	2209.0	2338.5	2742.9	24.846	4.89	1.04	0.00	0.320	0.000	86.9	15	0	0	R
single	tokio-default	set	8	256	16	1	1	ok	188043	752172	1273.8	1662.5	2300.6	2458.8	2811.8	23.678	4.45	1.00	0.00	0.293	0.000	82.6	16	0	0	R
single	tokio-default	set	8	256	16	1	2	ok	187484	749934	1275.0	1667.1	2307.2	2674.2	4935.3	23.735	4.45	1.00	0.00	0.292	0.000	81.9	16	0	0	R
single	tokio-default	set	8	256	16	1	3	ok	184674	738695	1297.1	1694.4	2352.1	2517.5	2854.6	23.961	4.42	1.00	0.00	0.294	0.000	82.6	16	0	0	R
single	tokio-default	set	8	256	16	1	4	ok	184826	739303	1294.1	1692.0	2354.2	2507.8	2842.5	23.901	4.42	1.00	0.00	0.296	0.000	82.1	16	0	0	R
single	tokio-default	set	8	256	16	1	5	ok	186300	745201	1284.4	1678.1	2332.4	2475.1	2817.6	23.752	4.42	1.00	0.00	0.296	0.000	82.7	16	0	0	R
single	tokio-default	mix	8	256	16	1	1	ok	182989	731955	1307.1	1709.6	2384.6	2540.4	2862.5	25.111	4.59	1.04	0.00	0.317	0.000	83.1	16	0	0	R
single	tokio-default	mix	8	256	16	1	2	ok	185357	741427	1290.7	1686.9	2346.4	2513.3	2948.3	24.938	4.62	1.04	0.00	0.312	0.000	82.0	16	0	0	R
single	tokio-default	mix	8	256	16	1	3	ok	189114	756455	1267.8	1653.5	2281.3	2439.1	2941.9	24.747	4.68	1.05	0.00	0.307	0.000	82.6	16	0	0	R
single	tokio-default	mix	8	256	16	1	4	ok	188440	753759	1270.0	1658.5	2292.2	2440.7	3019.0	24.729	4.66	1.04	0.00	0.306	0.000	82.5	16	0	0	R
single	tokio-default	mix	8	256	16	1	5	ok	188967	755869	1267.1	1654.2	2278.3	2418.2	2734.6	24.740	4.67	1.04	0.00	0.305	0.000	81.4	15	0	0	R
single	tokio-default	ping	8	256	16	1	1	ok	211169	844676	1148.8	1418.0	2124.0	2289.8	4239.5	23.216	4.90	1.00	0.00	0.330	0.000	83.3	16	0	0	R
single	tokio-default	ping	8	256	16	1	2	ok	212002	848009	1144.6	1414.6	2102.8	2236.0	3099.2	23.254	4.93	1.00	0.00	0.329	0.000	82.7	16	0	0	R
single	tokio-default	ping	8	256	16	1	3	ok	211458	845832	1148.6	1416.5	2114.6	2237.1	2717.7	23.338	4.93	1.00	0.00	0.328	0.000	83.1	16	0	0	R
single	tokio-default	ping	8	256	16	1	4	ok	209047	836188	1162.0	1432.4	2145.9	2278.1	2643.9	23.523	4.92	1.00	0.00	0.329	0.000	82.9	16	0	0	R
single	tokio-default	ping	8	256	16	1	5	ok	208024	832095	1166.9	1442.0	2155.2	2285.3	2664.2	23.555	4.90	1.00	0.00	0.327	0.000	83.8	16	0	0	R
single	tokio-default	get	8	256	256	1	1	ok	180250	720998	1326.0	1735.3	2419.9	2557.9	2792.2	25.756	4.64	1.05	0.00	0.321	0.000	83.4	16	0	0	R
single	tokio-default	get	8	256	256	1	2	ok	180923	723691	1321.9	1728.2	2412.4	2550.3	2777.9	25.702	4.65	1.05	0.00	0.317	0.000	83.1	16	0	0	R
single	tokio-default	get	8	256	256	1	3	ok	181075	724301	1319.7	1726.4	2406.8	2542.4	2817.9	25.721	4.66	1.04	0.00	0.317	0.000	82.9	17	0	0	R
single	tokio-default	get	8	256	256	1	4	ok	183952	735807	1299.4	1698.6	2360.1	2550.9	4058.2	25.496	4.69	1.05	0.00	0.313	0.000	82.4	17	0	0	R
single	tokio-default	get	8	256	256	1	5	ok	182848	731390	1308.7	1710.2	2377.7	2526.7	2911.8	25.540	4.67	1.04	0.00	0.316	0.000	82.5	16	0	0	R
single	tokio-default	get	8	256	4096	1	1	ok	132000	528001	1900.3	2026.0	3837.8	4034.6	4256.7	31.288	4.13	1.07	0.00	0.537	0.000	85.3	17	0	0	R
single	tokio-default	get	8	256	4096	1	2	ok	140062	560247	1752.5	1875.3	3524.2	3717.0	4256.7	30.772	4.31	1.05	0.00	0.469	0.000	84.7	17	0	0	R
single	tokio-default	get	8	256	4096	1	3	ok	141961	567845	1727.6	1828.1	3460.4	3619.4	3960.5	30.431	4.32	1.05	0.00	0.472	0.000	84.7	17	0	0	R
single	tokio-default	get	8	256	4096	1	4	ok	140880	563518	1740.8	1855.1	3501.2	3675.2	4985.0	30.487	4.29	1.05	0.00	0.475	0.000	84.3	17	0	0	R
single	tokio-default	get	8	256	4096	1	5	ok	141608	566434	1732.4	1845.4	3478.4	3649.4	3916.5	30.383	4.30	1.05	0.00	0.467	0.000	84.8	17	0	0	R
single	tokio-default	get	8	256	16	8	1	ok	200980	803920	9876.0	10283.1	18570.6	20155.6	21057.4	22.030	4.43	1.05	0.00	0.293	0.000	85.3	17	0	0	R
single	tokio-default	get	8	256	16	8	2	ok	196950	787800	10082.2	10508.3	18885.8	20472.7	21168.6	22.252	4.38	1.04	0.00	0.298	0.000	85.4	17	0	0	R
single	tokio-default	get	8	256	16	8	3	ok	197194	788776	10080.6	10435.0	18924.0	20470.7	21709.6	22.212	4.38	1.05	0.00	0.303	0.000	85.2	17	0	0	R
single	tokio-default	get	8	256	16	8	4	ok	197594	790376	10060.0	10451.6	18838.6	20483.6	21367.6	22.192	4.38	1.04	0.00	0.299	0.000	85.5	17	0	0	R
single	tokio-default	get	8	256	16	8	5	ok	199058	796232	9994.7	10346.4	18736.2	20290.6	20856.1	22.154	4.41	1.04	0.00	0.298	0.000	85.2	17	0	0	R
single	compio-pool	get	16	512	16	1	1	ok	119897	479589	4203.3	4402.9	8253.4	8807.6	9339.3	27.982	3.35	1.14	0.00	1.520	0.000	87.7	12	0	0	R
single	compio-pool	get	16	512	16	1	2	ok	120598	482394	4179.0	4327.4	8268.5	8653.8	9152.5	27.695	3.34	1.14	0.00	1.524	0.000	87.7	12	0	0	R
single	compio-pool	get	16	512	16	1	3	ok	118242	472970	4279.4	4408.8	8358.7	8795.8	9453.9	28.036	3.31	1.14	0.00	1.618	0.000	88.0	12	0	0	R
single	compio-pool	get	16	512	16	1	4	ok	121356	485422	4144.2	4293.6	8234.1	8614.5	9325.0	27.687	3.36	1.14	0.00	1.527	0.000	87.8	13	0	0	R
single	compio-pool	get	16	512	16	1	5	ok	124036	496143	4074.8	4201.3	8047.2	8417.1	8902.5	27.210	3.38	1.14	0.00	1.471	0.000	87.7	13	0	0	R
single	compio-pool	set	16	512	16	1	1	ok	122976	491906	4087.8	4238.9	8115.1	8487.5	9209.9	23.622	2.90	1.00	0.00	1.229	0.000	88.3	13	0	0	R
single	compio-pool	set	16	512	16	1	2	ok	116800	467201	4322.2	4469.3	8524.9	8938.7	9364.7	24.786	2.90	1.00	0.00	1.407	0.000	88.4	13	0	0	R
single	compio-pool	set	16	512	16	1	3	ok	117787	471149	4283.6	4416.5	8464.2	8825.5	9439.7	24.557	2.89	1.00	0.00	1.393	0.000	88.3	13	0	0	R
single	compio-pool	set	16	512	16	1	4	ok	115682	462726	4357.6	4473.3	8661.5	8948.0	9488.2	24.529	2.84	1.00	0.00	1.403	0.000	88.5	13	0	0	R
single	compio-pool	set	16	512	16	1	5	ok	118044	472178	4275.0	4397.3	8473.1	8791.3	9164.1	24.419	2.88	1.00	0.00	1.362	0.000	88.4	13	0	0	R
single	compio-pool	mix	16	512	16	1	1	ok	115973	463892	4351.2	4470.0	8617.3	8937.7	9466.5	28.002	3.25	1.14	0.00	1.575	0.000	88.0	14	0	0	R
single	compio-pool	mix	16	512	16	1	2	ok	117016	468064	4309.9	4437.1	8543.8	8877.0	9428.2	27.795	3.25	1.14	0.00	1.523	0.000	88.2	14	0	0	R
single	compio-pool	mix	16	512	16	1	3	ok	118048	472193	4273.7	4394.4	8480.7	8791.4	9123.1	27.849	3.29	1.14	0.00	1.577	0.000	87.8	14	0	0	R
single	compio-pool	mix	16	512	16	1	4	ok	121218	484874	4148.0	4419.3	7983.9	8825.3	9374.8	27.327	3.31	1.14	0.00	1.427	0.000	88.0	14	0	0	R
single	compio-pool	mix	16	512	16	1	5	ok	118771	475083	4240.8	4388.1	8413.4	8791.3	9152.4	27.827	3.31	1.14	0.00	1.559	0.000	87.9	14	0	0	R
single	tokio-percore	get	16	512	16	1	1	ok	121542	486169	4139.0	4287.6	8222.2	8578.7	9026.4	29.249	3.56	1.14	0.00	1.453	0.000	87.3	28	0	0	R
single	tokio-percore	get	16	512	16	1	2	ok	120933	483732	4166.8	4328.5	8227.3	8661.1	9174.9	29.541	3.57	1.15	0.00	1.536	0.000	87.4	29	0	0	R
single	tokio-percore	get	16	512	16	1	3	ok	122234	488934	4108.3	4232.9	8204.6	8495.2	9092.3	29.186	3.57	1.14	0.00	1.469	0.000	87.5	30	0	0	R
single	tokio-percore	get	16	512	16	1	4	ok	120837	483349	4173.6	4298.7	8286.7	8597.3	8982.2	29.213	3.53	1.15	0.00	1.496	0.000	87.2	31	0	0	R
single	tokio-percore	get	16	512	16	1	5	ok	121224	484896	4162.2	4277.1	8260.5	8536.1	9012.7	29.161	3.54	1.14	0.00	1.478	0.000	87.6	31	0	0	R
single	tokio-percore	set	16	512	16	1	1	ok	119288	477151	4228.9	4362.0	8362.7	8722.2	9526.1	25.149	3.00	1.00	0.00	1.294	0.000	88.0	31	0	0	R
single	tokio-percore	set	16	512	16	1	2	ok	118046	472182	4290.2	4405.1	8416.7	8804.2	9263.2	25.308	2.99	1.00	0.00	1.327	0.000	88.1	32	0	0	R
single	tokio-percore	set	16	512	16	1	3	ok	117576	470305	4278.3	4412.8	8504.8	8842.1	9466.2	25.664	3.02	1.00	0.00	1.370	0.000	88.0	32	0	0	R
single	tokio-percore	set	16	512	16	1	4	ok	116335	465340	4344.3	4464.2	8592.9	8932.4	9212.8	25.723	2.99	1.00	0.00	1.435	0.000	88.2	32	0	0	R
single	tokio-percore	set	16	512	16	1	5	ok	120224	480897	4200.8	4323.7	8295.2	8650.8	9113.1	25.432	3.06	1.00	0.00	1.355	0.000	87.9	32	0	0	R
single	tokio-percore	mix	16	512	16	1	1	ok	116746	466982	4324.2	4441.2	8568.0	8874.9	9421.5	29.402	3.43	1.14	0.00	1.592	0.000	87.6	32	0	0	R
single	tokio-percore	mix	16	512	16	1	2	ok	117373	469493	4292.0	4406.8	8541.5	8832.5	9247.7	29.330	3.44	1.15	0.00	1.548	0.000	87.6	32	0	0	R
single	tokio-percore	mix	16	512	16	1	3	ok	118075	472300	4261.6	4403.0	8475.3	8815.6	9397.3	29.134	3.44	1.14	0.00	1.516	0.000	87.6	32	0	0	R
single	tokio-percore	mix	16	512	16	1	4	ok	118728	474913	4238.1	4380.1	8420.7	8784.9	9243.2	28.911	3.43	1.14	0.00	1.516	0.000	87.8	33	0	0	R
single	tokio-percore	mix	16	512	16	1	5	ok	123479	493915	4047.1	4319.0	8025.4	8659.9	11341.5	27.798	3.43	1.14	0.00	1.321	0.000	87.6	33	0	0	R
single	tokio-default	get	16	512	16	1	1	ok	151347	605387	3255.3	3488.7	6679.6	7024.5	8114.8	34.028	5.15	1.12	0.00	0.498	0.000	84.2	27	0	0	R
single	tokio-default	get	16	512	16	1	2	ok	150134	600535	3273.1	3539.6	6711.4	7163.0	7598.4	34.036	5.11	1.11	0.00	0.493	0.000	84.2	27	0	0	R
single	tokio-default	get	16	512	16	1	3	ok	150110	600441	3301.4	3564.0	6766.0	7178.3	7998.3	33.792	5.07	1.11	0.00	0.491	0.000	84.2	27	0	0	R
single	tokio-default	get	16	512	16	1	4	ok	153266	613063	3205.8	3455.1	6563.2	6964.0	9012.4	33.765	5.17	1.11	0.00	0.482	0.000	84.0	28	0	0	R
single	tokio-default	get	16	512	16	1	5	ok	150742	602967	3268.3	3523.7	6709.6	7082.3	7425.3	33.949	5.12	1.11	0.00	0.492	0.000	84.3	28	0	0	R
single	tokio-default	set	16	512	16	1	1	ok	146869	587477	3355.7	3623.2	6894.0	7290.0	7824.5	30.282	4.45	1.00	0.00	0.437	0.000	84.8	29	0	0	R
single	tokio-default	set	16	512	16	1	2	ok	148643	594572	3311.1	3575.0	6803.7	7201.3	7998.2	30.106	4.47	1.00	0.00	0.435	0.000	85.0	31	0	0	R
single	tokio-default	set	16	512	16	1	3	ok	148375	593501	3320.2	3577.6	6814.0	7216.9	7515.4	30.177	4.48	1.00	0.00	0.438	0.000	84.8	30	0	0	R
single	tokio-default	set	16	512	16	1	4	ok	146128	584511	3377.9	3603.4	6904.9	7257.1	7592.9	30.401	4.44	1.00	0.00	0.442	0.000	84.9	31	0	0	R
single	tokio-default	set	16	512	16	1	5	ok	146600	586398	3365.5	3581.8	6876.5	7224.5	8011.6	30.338	4.45	1.00	0.00	0.444	0.000	85.1	32	0	0	R
single	tokio-default	mix	16	512	16	1	1	ok	147164	588654	3355.1	3605.8	6870.3	7248.5	7604.2	33.551	4.94	1.11	0.00	0.493	0.000	84.8	31	0	0	R
single	tokio-default	mix	16	512	16	1	2	ok	145569	582277	3392.7	3628.6	6939.3	7307.1	7612.6	33.833	4.92	1.11	0.00	0.494	0.000	84.8	32	0	0	R
single	tokio-default	mix	16	512	16	1	3	ok	144444	577776	3438.0	3675.8	7041.4	7412.1	8047.9	33.854	4.89	1.11	0.00	0.495	0.000	84.8	32	0	0	R
single	tokio-default	mix	16	512	16	1	4	ok	147436	589744	3330.1	3683.3	6940.6	7471.6	9394.3	33.320	4.91	1.11	0.00	0.483	0.000	84.5	31	0	0	R
single	tokio-default	mix	16	512	16	1	5	ok	143721	574885	3437.6	3699.6	7024.6	7486.5	8036.7	33.920	4.88	1.11	0.00	0.501	0.000	84.8	31	0	0	R
sharded	compio-pool	get	1	64	16	1	1	ok	64994	259978	977.9	1027.3	1053.9	1099.8	1359.8	15.924	1.03	0.39	0.00	0.000	0.000	95.6	4	0	0	S
sharded	compio-pool	get	1	64	16	1	2	ok	64478	257913	985.7	1035.4	1063.8	1101.5	1398.1	16.052	1.03	0.39	0.00	0.000	0.000	95.5	4	0	0	S
sharded	compio-pool	get	1	64	16	1	3	ok	63477	253908	999.3	1050.5	1090.8	1240.3	1851.3	16.305	1.03	0.40	0.00	0.000	0.000	95.8	4	0	0	S
sharded	compio-pool	get	1	64	16	1	4	ok	64561	258245	985.5	1034.1	1066.7	1201.2	1813.3	16.031	1.03	0.41	0.00	0.000	0.000	94.6	4	0	0	S
sharded	compio-pool	get	1	64	16	1	5	ok	65295	261179	970.3	1020.1	1079.6	1603.9	2018.1	15.851	1.03	0.38	0.00	0.000	0.000	95.3	4	0	0	S
sharded	compio-pool	set	1	64	16	1	1	ok	62982	251926	1008.4	1061.0	1095.1	1234.2	1519.4	15.878	1.00	0.38	0.00	0.000	0.000	95.7	4	0	0	S
sharded	compio-pool	set	1	64	16	1	2	ok	62168	248670	1021.0	1074.2	1107.3	1236.6	1827.2	16.126	1.00	0.38	0.00	0.000	0.000	95.8	4	0	0	S
sharded	compio-pool	set	1	64	16	1	3	ok	62589	250355	1013.5	1067.3	1107.3	1314.6	1516.7	15.977	1.00	0.38	0.00	0.000	0.000	95.7	4	0	0	S
sharded	compio-pool	set	1	64	16	1	4	ok	63060	252239	1006.8	1059.1	1100.0	1204.1	2048.7	15.898	1.00	0.37	0.00	0.000	0.000	94.9	4	0	0	S
sharded	compio-pool	set	1	64	16	1	5	ok	62289	249157	1018.7	1072.3	1102.2	1242.5	1513.0	16.014	1.00	0.38	0.00	0.000	0.000	95.8	4	0	0	S
sharded	compio-pool	mix	1	64	16	1	1	ok	69642	278567	911.7	961.7	988.6	1034.6	1252.6	14.862	1.03	0.44	0.00	0.000	0.000	94.4	4	0	0	S
sharded	compio-pool	mix	1	64	16	1	2	ok	64451	257803	984.8	1036.8	1061.9	1100.7	1329.8	16.020	1.03	0.41	0.00	0.000	0.000	94.6	4	0	0	S
sharded	compio-pool	mix	1	64	16	1	3	ok	64755	259020	980.1	1031.9	1057.0	1110.6	1377.1	15.983	1.03	0.42	0.00	0.000	0.000	95.7	4	0	0	S
sharded	compio-pool	mix	1	64	16	1	4	ok	63043	252173	1006.2	1059.8	1083.4	1116.7	1467.0	16.457	1.04	0.40	0.00	0.000	0.000	95.1	4	0	0	S
sharded	compio-pool	mix	1	64	16	1	5	ok	72416	289664	876.3	923.6	960.1	1063.9	1326.0	14.258	1.03	0.44	0.00	0.000	0.000	94.2	4	0	0	S
sharded	tokio-percore	get	1	64	16	1	1	ok	56308	225233	1128.2	1248.5	1292.1	1349.3	1815.3	18.425	1.04	0.32	0.00	0.000	0.000	94.8	6	0	0	S
sharded	tokio-percore	get	1	64	16	1	2	ok	57726	230904	1102.5	1218.6	1268.4	1418.8	2424.4	17.973	1.04	0.33	0.00	0.000	0.000	94.9	6	0	0	S
sharded	tokio-percore	get	1	64	16	1	3	ok	58174	232697	1097.1	1208.5	1255.8	1361.6	1588.3	17.791	1.03	0.32	0.00	0.000	0.000	94.4	6	0	0	S
sharded	tokio-percore	get	1	64	16	1	4	ok	57518	230071	1112.4	1221.2	1270.2	1386.4	1596.5	17.994	1.03	0.33	0.00	0.000	0.000	94.7	6	0	0	S
sharded	tokio-percore	get	1	64	16	1	5	ok	60033	240131	1062.3	1172.7	1214.1	1252.1	1561.2	17.241	1.03	0.35	0.00	0.000	0.000	95.6	6	0	0	S
sharded	tokio-percore	set	1	64	16	1	1	ok	56854	227415	1131.4	1233.7	1279.0	1321.4	1626.2	17.633	1.00	0.33	0.00	0.000	0.000	94.7	6	0	0	S
sharded	tokio-percore	set	1	64	16	1	2	ok	56723	226892	1133.7	1236.6	1284.2	1383.2	2196.2	17.630	1.00	0.34	0.00	0.000	0.000	94.8	6	0	0	S
sharded	tokio-percore	set	1	64	16	1	3	ok	56591	226364	1134.2	1240.2	1289.7	1496.2	2394.5	17.715	1.00	0.33	0.00	0.000	0.000	94.7	6	0	0	S
sharded	tokio-percore	set	1	64	16	1	4	ok	56557	226229	1130.9	1242.5	1300.1	1743.7	2152.5	17.637	1.00	0.32	0.00	0.000	0.000	94.7	6	0	0	S
sharded	tokio-percore	set	1	64	16	1	5	ok	56956	227826	1123.1	1233.9	1281.1	1385.3	1599.6	17.601	1.00	0.32	0.00	0.000	0.000	94.6	6	0	0	S
sharded	tokio-percore	mix	1	64	16	1	1	ok	63988	255950	983.9	1102.3	1138.6	1187.3	2673.9	16.136	1.03	0.37	0.00	0.000	0.000	94.2	6	0	0	S
sharded	tokio-percore	mix	1	64	16	1	2	ok	57616	230464	1113.8	1218.7	1268.4	1415.1	1662.4	18.007	1.04	0.34	0.00	0.000	0.000	94.6	6	0	0	S
sharded	tokio-percore	mix	1	64	16	1	3	ok	57475	229900	1118.7	1221.0	1267.1	1326.6	1609.5	18.051	1.04	0.34	0.00	0.000	0.000	95.5	6	0	0	S
sharded	tokio-percore	mix	1	64	16	1	4	ok	57154	228616	1118.6	1225.2	1548.2	1756.1	2318.4	18.153	1.04	0.33	0.00	0.000	0.000	95.4	6	0	0	S
sharded	tokio-percore	mix	1	64	16	1	5	ok	58357	233428	1099.8	1203.8	1253.3	1366.1	1677.6	17.736	1.03	0.34	0.00	0.000	0.000	94.7	6	0	0	S
sharded	compio-pool	get	2	64	16	1	1	ok	127124	508494	502.5	518.7	546.7	646.9	905.7	16.008	2.04	0.74	0.00	0.000	0.000	91.4	7	0	0	S
sharded	compio-pool	get	2	64	16	1	2	ok	126836	507344	503.3	520.1	548.4	627.8	938.9	16.064	2.04	0.74	0.00	0.000	0.000	91.5	7	0	0	S
sharded	compio-pool	get	2	64	16	1	3	ok	126124	504495	506.9	522.5	542.3	608.1	1601.8	16.095	2.03	0.76	0.00	0.000	0.000	91.5	7	0	0	S
sharded	compio-pool	get	2	64	16	1	4	ok	127460	509840	500.9	516.9	546.0	610.5	1665.8	16.005	2.04	0.74	0.00	0.000	0.000	91.1	7	0	0	S
sharded	compio-pool	get	2	64	16	1	5	ok	125947	503787	507.5	524.6	545.0	610.5	773.3	16.158	2.04	0.77	0.00	0.000	0.000	91.4	7	0	0	S
sharded	compio-pool	set	2	64	16	1	1	ok	126256	505022	505.8	522.8	548.8	626.6	755.2	15.841	2.00	0.75	0.00	0.000	0.000	91.4	7	0	0	S
sharded	compio-pool	set	2	64	16	1	2	ok	125851	503403	507.6	523.5	544.1	616.0	760.7	15.892	2.00	0.78	0.00	0.000	0.000	91.5	7	0	0	S
sharded	compio-pool	set	2	64	16	1	3	ok	126318	505271	505.3	523.3	550.7	651.0	971.9	15.833	2.00	0.77	0.00	0.000	0.000	91.4	7	0	0	S
sharded	compio-pool	set	2	64	16	1	4	ok	125759	503037	508.0	523.6	547.0	585.6	755.3	15.903	2.00	0.77	0.00	0.000	0.000	91.4	7	0	0	S
sharded	compio-pool	set	2	64	16	1	5	ok	126678	506713	504.0	520.8	544.2	572.8	747.8	15.788	2.00	0.76	0.00	0.000	0.000	91.4	7	0	0	S
sharded	compio-pool	mix	2	64	16	1	1	ok	126465	505859	504.6	523.0	548.4	607.6	1444.2	16.111	2.04	0.78	0.00	0.000	0.000	91.4	7	0	0	S
sharded	compio-pool	mix	2	64	16	1	2	ok	126326	505303	505.4	521.8	552.9	672.8	1678.2	16.109	2.04	0.78	0.00	0.000	0.000	91.4	7	0	0	S
sharded	compio-pool	mix	2	64	16	1	3	ok	126058	504234	505.3	524.2	559.9	761.2	1601.1	16.163	2.04	0.78	0.00	0.000	0.000	91.4	7	0	0	S
sharded	compio-pool	mix	2	64	16	1	4	ok	126421	505683	504.9	520.8	550.8	669.1	1518.3	16.057	2.03	0.78	0.00	0.000	0.000	91.3	7	0	0	S
sharded	compio-pool	mix	2	64	16	1	5	ok	126232	504926	506.0	521.1	545.8	585.6	768.0	16.121	2.04	0.78	0.00	0.000	0.000	91.4	7	0	0	S
sharded	tokio-percore	get	2	64	16	1	1	ok	113537	454149	567.3	620.1	644.5	684.5	962.4	17.946	2.04	0.67	0.00	0.000	0.000	91.8	10	0	0	S
sharded	tokio-percore	get	2	64	16	1	2	ok	114035	456139	563.2	618.3	643.4	665.3	846.2	17.845	2.04	0.66	0.00	0.000	0.000	91.9	10	0	0	S
sharded	tokio-percore	get	2	64	16	1	3	ok	113448	453791	568.2	620.3	643.4	667.1	860.4	17.938	2.04	0.66	0.00	0.000	0.000	91.9	10	0	0	S
sharded	tokio-percore	get	2	64	16	1	4	ok	113272	453088	567.5	622.0	646.5	670.4	1020.2	17.988	2.04	0.66	0.00	0.000	0.000	91.9	10	0	0	S
sharded	tokio-percore	get	2	64	16	1	5	ok	113491	453964	568.6	619.7	643.6	672.5	1692.0	17.975	2.04	0.66	0.00	0.000	0.000	91.9	10	0	0	S
sharded	tokio-percore	set	2	64	16	1	1	ok	114984	459938	561.8	610.6	640.2	785.0	2522.1	17.372	2.00	0.69	0.00	0.000	0.000	91.6	10	0	0	S
sharded	tokio-percore	set	2	64	16	1	2	ok	114599	458396	563.6	612.8	641.2	899.5	1075.2	17.452	2.00	0.69	0.00	0.000	0.000	91.8	10	0	0	S
sharded	tokio-percore	set	2	64	16	1	3	ok	114382	457528	565.3	614.0	642.9	757.1	1321.6	17.485	2.00	0.69	0.00	0.000	0.000	91.7	10	0	0	S
sharded	tokio-percore	set	2	64	16	1	4	ok	114558	458234	564.5	612.8	638.8	740.4	1630.0	17.458	2.00	0.69	0.00	0.000	0.000	91.7	10	0	0	S
sharded	tokio-percore	set	2	64	16	1	5	ok	115461	461843	560.4	608.1	632.5	677.0	833.6	17.365	2.00	0.69	0.00	0.000	0.000	91.4	10	0	0	S
sharded	tokio-percore	mix	2	64	16	1	1	ok	115250	461000	561.6	609.0	632.3	654.5	905.6	17.636	2.03	0.70	0.00	0.000	0.000	91.7	10	0	0	S
sharded	tokio-percore	mix	2	64	16	1	2	ok	115588	462350	560.1	607.3	630.0	651.5	829.1	17.627	2.04	0.70	0.00	0.000	0.000	91.3	10	0	0	S
sharded	tokio-percore	mix	2	64	16	1	3	ok	113972	455889	564.6	613.2	710.8	1333.3	1727.3	17.877	2.04	0.70	0.00	0.000	0.000	91.7	10	0	0	S
sharded	tokio-percore	mix	2	64	16	1	4	ok	115407	461627	560.8	607.6	630.2	651.2	4149.5	17.633	2.04	0.70	0.00	0.000	0.000	91.7	10	0	0	S
sharded	tokio-percore	mix	2	64	16	1	5	ok	114854	459418	563.5	610.7	634.0	674.8	2332.1	17.718	2.04	0.70	0.00	0.000	0.000	91.6	10	0	0	S
sharded	compio-pool	get	4	128	16	1	1	ok	257601	1030403	495.4	513.1	538.7	661.3	1516.0	15.819	4.08	1.50	0.00	0.000	0.000	82.2	14	0	0	S
sharded	compio-pool	get	4	128	16	1	2	ok	257507	1030028	495.8	514.0	535.5	607.0	739.3	15.805	4.07	1.48	0.00	0.000	0.000	82.4	14	0	0	S
sharded	compio-pool	get	4	128	16	1	3	ok	255977	1023908	499.2	515.8	535.3	616.4	776.8	15.900	4.07	1.51	0.00	0.000	0.000	82.4	14	0	0	S
sharded	compio-pool	get	4	128	16	1	4	ok	257541	1030163	495.8	512.9	539.8	652.4	2936.7	15.823	4.08	1.50	0.00	0.000	0.000	82.3	14	0	0	S
sharded	compio-pool	get	4	128	16	1	5	ok	255656	1022626	499.2	516.2	535.8	607.3	783.0	15.930	4.07	1.52	0.00	0.000	0.000	82.4	14	0	0	S
sharded	compio-pool	set	4	128	16	1	1	ok	255383	1021533	499.5	517.6	543.8	723.5	1567.6	15.653	4.00	1.55	0.00	0.000	0.000	82.4	14	0	0	S
sharded	compio-pool	set	4	128	16	1	2	ok	256082	1024327	498.9	516.7	538.5	574.3	755.8	15.630	4.00	1.54	0.00	0.000	0.000	82.3	14	0	0	S
sharded	compio-pool	set	4	128	16	1	3	ok	255776	1023106	498.9	516.2	541.5	692.5	2247.4	15.629	4.00	1.54	0.00	0.000	0.000	82.1	14	0	0	S
sharded	compio-pool	set	4	128	16	1	4	ok	254630	1018520	501.3	521.0	539.6	584.1	786.0	15.709	4.00	1.56	0.00	0.000	0.000	82.4	14	0	0	S
sharded	compio-pool	set	4	128	16	1	5	ok	254323	1017291	502.1	520.2	542.2	609.6	827.2	15.748	4.00	1.57	0.00	0.000	0.000	82.4	14	0	0	S
sharded	compio-pool	mix	4	128	16	1	1	ok	255885	1023541	499.2	514.9	536.2	594.5	767.4	15.886	4.07	1.57	0.00	0.000	0.000	82.3	14	0	0	S
sharded	compio-pool	mix	4	128	16	1	2	ok	255832	1023327	499.2	515.6	537.6	629.0	2739.4	15.928	4.08	1.58	0.00	0.000	0.000	82.3	14	0	0	S
sharded	compio-pool	mix	4	128	16	1	3	ok	255058	1020234	500.4	517.1	538.6	597.5	932.4	15.967	4.07	1.56	0.00	0.000	0.000	82.3	14	0	0	S
sharded	compio-pool	mix	4	128	16	1	4	ok	256988	1027950	497.1	513.4	536.4	589.7	722.3	15.828	4.07	1.55	0.00	0.000	0.000	82.4	14	0	0	S
sharded	compio-pool	mix	4	128	16	1	5	ok	256832	1027330	496.5	517.2	546.4	646.0	2357.7	15.866	4.08	1.55	0.00	0.000	0.000	82.3	14	0	0	S
sharded	tokio-percore	get	4	128	16	1	1	ok	231254	925018	555.0	609.2	633.5	698.6	2114.1	17.621	4.08	1.33	0.00	0.000	0.000	83.1	20	0	0	S
sharded	tokio-percore	get	4	128	16	1	2	ok	230408	921634	556.7	611.6	635.2	665.4	1282.8	17.675	4.07	1.32	0.00	0.000	0.000	83.3	20	0	0	S
sharded	tokio-percore	get	4	128	16	1	3	ok	230594	922378	557.1	610.7	634.3	694.6	1433.8	17.672	4.08	1.32	0.00	0.000	0.000	83.2	20	0	0	S
sharded	tokio-percore	get	4	128	16	1	4	ok	230756	923025	556.0	610.1	636.5	805.8	1568.2	17.648	4.07	1.32	0.00	0.000	0.000	83.3	20	0	0	S
sharded	tokio-percore	get	4	128	16	1	5	ok	230349	921397	557.7	611.4	636.7	722.4	1481.8	17.691	4.08	1.32	0.00	0.000	0.000	83.0	20	0	0	S
sharded	tokio-percore	set	4	128	16	1	1	ok	234601	938403	551.7	598.9	622.3	664.0	866.9	17.050	4.00	1.37	0.00	0.000	0.000	83.0	20	0	0	S
sharded	tokio-percore	set	4	128	16	1	2	ok	233764	935056	553.5	600.9	626.3	706.5	1014.5	17.143	4.01	1.38	0.00	0.000	0.000	82.7	20	0	0	S
sharded	tokio-percore	set	4	128	16	1	3	ok	233267	933068	554.4	602.4	626.7	706.3	967.4	17.148	4.00	1.36	0.00	0.000	0.000	83.0	20	0	0	S
sharded	tokio-percore	set	4	128	16	1	4	ok	232932	931727	555.3	603.2	627.3	665.6	1935.9	17.183	4.00	1.37	0.00	0.000	0.000	83.0	20	0	0	S
sharded	tokio-percore	set	4	128	16	1	5	ok	232916	931666	555.2	602.8	628.2	752.7	1678.7	17.184	4.00	1.37	0.00	0.000	0.000	83.0	20	0	0	S
sharded	tokio-percore	mix	4	128	16	1	1	ok	233854	935417	552.8	600.2	625.4	819.4	1680.7	17.393	4.07	1.41	0.00	0.000	0.000	82.9	20	0	0	S
sharded	tokio-percore	mix	4	128	16	1	2	ok	233306	933225	554.9	602.0	625.0	652.4	844.5	17.488	4.08	1.40	0.00	0.000	0.000	82.9	21	0	0	S
sharded	tokio-percore	mix	4	128	16	1	3	ok	233300	933198	554.8	602.1	625.2	659.8	879.3	17.456	4.07	1.40	0.00	0.000	0.000	82.9	21	0	0	S
sharded	tokio-percore	mix	4	128	16	1	4	ok	233969	935876	553.0	600.6	624.1	666.8	947.3	17.417	4.08	1.40	0.00	0.000	0.000	82.9	20	0	0	S
sharded	tokio-percore	mix	4	128	16	1	5	ok	234044	936174	552.9	600.3	623.9	673.4	925.7	17.411	4.08	1.40	0.00	0.000	0.000	82.9	20	0	0	S
sharded	compio-pool	get	8	256	16	1	1	ok	543513	2174051	495.3	516.5	540.4	643.4	920.9	14.977	8.14	3.13	0.00	0.000	0.000	62.6	27	0	0	S
sharded	compio-pool	get	8	256	16	1	2	ok	543082	2172328	495.6	517.1	539.9	599.7	4849.7	14.984	8.14	3.13	0.00	0.000	0.000	62.8	27	0	0	S
sharded	compio-pool	get	8	256	16	1	3	ok	542119	2168475	496.9	517.8	539.2	624.2	2382.4	15.011	8.14	3.14	0.00	0.000	0.000	62.6	27	0	0	S
sharded	compio-pool	get	8	256	16	1	4	ok	541534	2166137	495.6	518.8	543.5	660.6	979.9	15.027	8.14	3.15	0.00	0.000	0.000	62.8	27	0	0	S
sharded	compio-pool	get	8	256	16	1	5	ok	539759	2159037	499.1	520.8	541.3	647.1	776.8	15.085	8.14	3.16	0.00	0.000	0.000	63.0	27	0	0	S
sharded	compio-pool	set	8	256	16	1	1	ok	539726	2158905	498.0	519.0	540.6	571.3	1475.7	14.827	8.00	3.23	0.00	0.000	0.000	62.9	27	0	0	S
sharded	compio-pool	set	8	256	16	1	2	ok	537561	2150243	499.6	522.4	546.8	622.9	1429.0	14.901	8.01	3.23	0.00	0.000	0.000	62.7	27	0	0	S
sharded	compio-pool	set	8	256	16	1	3	ok	538041	2152165	498.9	521.4	545.6	645.7	1411.6	14.878	8.01	3.21	0.00	0.000	0.000	62.6	27	0	0	S
sharded	compio-pool	set	8	256	16	1	4	ok	537258	2149034	500.6	523.6	545.6	651.6	1564.0	14.904	8.01	3.26	0.00	0.000	0.000	62.7	27	0	0	S
sharded	compio-pool	set	8	256	16	1	5	ok	535440	2141761	502.6	527.6	548.9	575.4	1428.7	14.955	8.01	3.25	0.00	0.000	0.000	62.7	27	0	0	S
sharded	compio-pool	mix	8	256	16	1	1	ok	537188	2148751	499.7	521.8	551.0	660.2	3886.0	15.148	8.14	3.25	0.00	0.000	0.000	62.5	27	0	0	S
sharded	compio-pool	mix	8	256	16	1	2	ok	540110	2160439	498.6	519.4	543.8	623.8	2201.7	15.062	8.13	3.28	0.00	0.001	0.000	62.4	27	0	0	S
sharded	compio-pool	mix	8	256	16	1	3	ok	539479	2157917	499.8	520.1	538.8	566.1	734.4	15.098	8.14	3.25	0.00	0.000	0.000	62.9	27	0	0	S
sharded	compio-pool	mix	8	256	16	1	4	ok	539218	2156870	497.7	520.5	543.8	585.7	1327.4	15.096	8.14	3.26	0.00	0.000	0.000	62.7	27	0	0	S
sharded	compio-pool	mix	8	256	16	1	5	ok	537407	2149629	501.7	521.4	539.9	571.6	3741.9	15.137	8.13	3.31	0.00	0.000	0.000	62.5	27	0	0	S
sharded	tokio-percore	get	8	256	16	1	1	ok	488151	1952603	521.8	608.5	636.8	707.0	4667.5	16.696	8.15	2.79	0.00	0.001	0.000	64.6	41	0	0	S
sharded	tokio-percore	get	8	256	16	1	2	ok	486909	1947635	523.0	609.7	636.1	660.2	992.9	16.738	8.15	2.79	0.00	0.000	0.000	64.7	41	0	0	S
sharded	tokio-percore	get	8	256	16	1	3	ok	486862	1947450	523.4	610.7	639.5	728.3	2035.0	16.730	8.14	2.77	0.00	0.000	0.000	64.6	41	0	0	S
sharded	tokio-percore	get	8	256	16	1	4	ok	486210	1944841	524.0	611.2	639.1	707.1	4515.3	16.747	8.14	2.79	0.00	0.001	0.000	64.5	41	0	0	S
sharded	tokio-percore	get	8	256	16	1	5	ok	487936	1951745	522.3	609.2	635.9	667.8	2374.1	16.708	8.15	2.79	0.00	0.000	0.000	64.7	41	0	0	S
sharded	tokio-percore	set	8	256	16	1	1	ok	490716	1962866	518.8	603.2	628.8	652.2	878.3	16.313	8.01	2.88	0.00	0.000	0.000	64.5	41	0	0	S
sharded	tokio-percore	set	8	256	16	1	2	ok	490259	1961037	520.2	605.3	631.8	663.7	1418.9	16.328	8.01	2.88	0.00	0.000	0.000	64.6	41	0	0	S
sharded	tokio-percore	set	8	256	16	1	3	ok	490446	1961782	519.7	604.7	630.6	661.8	929.9	16.332	8.01	2.87	0.00	0.000	0.000	64.8	41	0	0	S
sharded	tokio-percore	set	8	256	16	1	4	ok	491034	1964134	518.9	603.6	629.9	661.5	1812.5	16.297	8.00	2.88	0.00	0.000	0.000	64.6	41	0	0	S
sharded	tokio-percore	set	8	256	16	1	5	ok	490088	1960353	519.7	605.0	632.6	716.0	1588.2	16.339	8.01	2.87	0.00	0.000	0.000	64.7	41	0	0	S
sharded	tokio-percore	mix	8	256	16	1	1	ok	491177	1964708	518.6	603.4	630.1	691.1	1577.4	16.598	8.15	2.93	0.00	0.000	0.000	64.4	41	0	0	S
sharded	tokio-percore	mix	8	256	16	1	2	ok	490948	1963793	517.9	602.4	628.2	656.1	4421.8	16.590	8.14	2.92	0.00	0.000	0.000	64.2	41	0	0	S
sharded	tokio-percore	mix	8	256	16	1	3	ok	489020	1956078	520.2	605.2	634.3	795.1	4577.2	16.630	8.13	2.94	0.00	0.000	0.000	64.3	41	0	0	S
sharded	tokio-percore	mix	8	256	16	1	4	ok	489326	1957304	520.5	605.5	632.7	702.7	1195.7	16.650	8.15	2.93	0.00	0.000	0.000	64.3	41	0	0	S
sharded	tokio-percore	mix	8	256	16	1	5	ok	491487	1965947	517.3	601.6	627.2	653.1	923.4	16.567	8.14	2.94	0.00	0.000	0.000	64.2	41	0	0	S
