point	server	workers	seconds	requests	rps	p50	p90	p99	p999	pmax	failed_conns	cpu_user_s	cpu_sys_s	cpu_us_per_req	sys_share	ctx_vol	ctx_invol	ctx_per_req	syscr	syscw	rw_syscalls_per_req	syscalls_total	syscalls_per_req	rchar	wchar	disk_read	disk_write	rss_peak_kb	threads_max	srv_busy	cli_busy	error
echo-512	compio	4	5	2992916	598583.000	103.100	127.500	136.400	145.800	992.200	0	1.850	18.090	6.662	0.907	65	43	0.000	0	5	0.000	376122	0.126	0	835	0	0	3592	5	0.986	0.427	
echo-512	tokio-percore	4	5	3038595	607719.000	107.800	119.700	128.400	137.500	355.100	0	1.450	18.490	6.562	0.927	70	33	0.000	0	0	0.000	6281288	2.067	0	0	0	0	3812	5	0.986	0.454	
echo-512	tokio-default	4	5	2572736	514547.000	121.800	177.800	212.900	242.800	319.700	0	1.840	16.550	7.148	0.900	84446	34	0.033	0	956	0.000	5363688	2.085	0	8028	0	0	4484	5	0.916	0.377	
echo-512	compio	4	5	2989841	597968.000	94.900	153.600	162.400	170.200	992.200	0	1.840	18.100	6.669	0.908	62	43	0.000	0	5	0.000	393215	0.132	0	835	0	0	3564	5	0.986	0.426	
echo-512	tokio-percore	4	5	3023837	604767.000	111.500	121.800	129.700	138.400	579.200	0	1.500	18.440	6.594	0.925	68	34	0.000	0	1	0.000	6249173	2.067	0	8	0	0	3856	5	0.986	0.451	
echo-512	tokio-default	4	5	2569952	513990.000	122.000	177.500	212.300	242.400	333.600	0	1.880	16.490	7.148	0.898	84430	31	0.033	0	970	0.000	5359023	2.085	0	8140	0	0	4488	5	0.916	0.376	
echo-512	compio	4	5	2983693	596739.000	100.200	140.900	151.700	160.000	421.200	0	1.850	18.080	6.680	0.907	62	38	0.000	0	5	0.000	384313	0.129	0	835	0	4096	3572	5	0.987	0.422	
echo-512	tokio-percore	4	5	3038855	607771.000	110.500	119.300	127.500	149.600	515.100	0	1.520	18.420	6.562	0.924	59	35	0.000	0	0	0.000	6275328	2.065	0	0	0	0	3796	5	0.986	0.452	
echo-512	tokio-default	4	5	2560889	512178.000	122.300	178.200	213.300	243.400	1173.700	0	1.870	16.500	7.173	0.898	83973	29	0.033	0	945	0.000	5341528	2.086	0	7940	0	0	4404	5	0.916	0.373	
echo-64k	compio	4	5	520336	104067.000	302.500	343.100	354.400	367.500	578.900	0	1.430	18.560	38.417	0.928	45	42	0.000	0	5	0.000	521147	1.002	0	835	0	0	3820	5	0.997	0.305	
echo-64k	tokio-percore	4	5	640651	128130.000	232.700	427.400	444.300	458.800	1907.300	0	1.070	18.920	31.203	0.946	35	35	0.000	0	0	0.000	5868878	9.161	0	0	0	0	3576	5	0.996	0.314	
echo-64k	tokio-default	4	5	622994	124599.000	254.400	362.200	430.300	490.700	654.200	0	1.280	18.610	31.926	0.936	9632	40	0.016	0	2864	0.005	5621963	9.024	0	23292	0	0	3848	5	0.993	0.308	
echo-64k	compio	4	5	514245	102849.000	306.500	454.200	467.500	492.800	1757.700	0	1.400	18.580	38.853	0.930	61	43	0.000	0	5	0.000	593143	1.153	0	835	0	0	3780	5	0.997	0.303	
echo-64k	tokio-percore	4	5	641071	128214.000	233.600	336.500	352.100	367.600	2557.200	0	1.100	18.880	31.167	0.945	32	44	0.000	0	0	0.000	5827132	9.090	0	0	0	0	3584	5	0.996	0.318	
echo-64k	tokio-default	4	5	622571	124514.000	254.400	362.800	431.600	497.600	619.800	0	1.280	18.610	31.948	0.936	9712	41	0.016	0	2847	0.005	5618296	9.024	0	23156	0	4096	3892	5	0.994	0.305	
echo-64k	compio	4	5	514345	102869.000	327.700	352.000	362.600	408.100	569.700	0	1.430	18.560	38.865	0.928	50	41	0.000	0	5	0.000	524790	1.020	0	835	0	4096	3844	5	0.996	0.305	
echo-64k	tokio-percore	4	5	642248	128450.000	255.600	339.700	355.600	369.700	586.200	0	1.100	18.890	31.125	0.945	36	39	0.000	0	0	0.000	5842410	9.097	0	0	0	0	3564	5	0.997	0.319	
echo-64k	tokio-default	4	5	623368	124674.000	254.100	362.000	431.000	493.700	652.900	0	1.230	18.660	31.907	0.938	9510	30	0.015	0	2889	0.005	5626032	9.025	0	23492	0	0	3824	5	0.992	0.310	
churn	compio	4	5	705903	141181.000	246.500	901.200	2516.600	11756.100	26612.800	0	2.000	10.760	18.076	0.843	146317	2546	0.211	0	5	0.000	2730317	3.868	0	835	0	0	3312	5	0.645	0.889	
churn	tokio-percore	4	5	1188487	237697.000	235.500	496.200	709.500	845.800	7677.800	0	2.480	16.830	16.248	0.872	22383	4254	0.022	0	14726	0.012	7680666	6.463	0	117808	0	0	3912	5	0.972	0.814	
churn	tokio-default	4	5	715102	143020.000	407.300	708.000	985.200	1943.500	14415.900	0	2.710	11.930	20.473	0.815	200893	6365	0.290	0	21925	0.031	5011319	7.008	0	175400	0	0	3780	5	0.740	0.594	
churn	compio	4	5	695595	139119.000	249.200	904.600	2628.900	11261.900	26929.500	0	1.990	10.630	18.143	0.842	147610	2724	0.216	0	5	0.000	2698688	3.880	0	835	0	0	3264	5	0.637	0.889	
churn	tokio-percore	4	5	1169943	233989.000	218.700	559.600	765.200	868.200	16643.100	0	2.410	16.650	16.291	0.874	33000	4580	0.032	0	13809	0.012	7638455	6.529	0	110472	0	0	3836	5	0.960	0.801	
churn	tokio-default	4	5	720861	144172.000	404.600	698.200	972.900	1790.100	12322.700	0	2.690	12.090	20.503	0.818	204665	6232	0.293	0	22109	0.031	5054201	7.011	0	176872	0	0	3872	5	0.747	0.598	
churn	compio	4	5	710774	142155.000	240.300	893.300	2430.900	11565.500	27717.100	0	2.020	10.750	17.966	0.842	146229	2767	0.210	0	5	0.000	2744602	3.861	0	835	0	0	3268	5	0.644	0.883	
churn	tokio-percore	4	5	1182165	236433.000	220.800	540.700	737.900	851.100	18186.600	0	2.480	16.650	16.182	0.870	30460	4085	0.029	0	14167	0.012	7689622	6.505	0	113336	0	0	3856	5	0.965	0.806	
churn	tokio-default	4	5	703419	140684.000	411.500	743.600	980.000	1799.700	12231.000	0	2.650	11.800	20.543	0.817	193824	6230	0.284	0	22004	0.031	4924301	7.001	0	176032	0	0	3888	5	0.730	0.588	
relay-512	compio	4	5	1047324	209465.000	301.500	320.400	349.900	370.000	18069.700	0	1.870	11.830	13.081	0.864	376279	14	0.359	0	5	0.000	1617292	1.544	0	835	0	0	3668	5	0.696	0.146	
relay-512	tokio-percore	4	5	1042605	208521.000	302.500	323.400	349.000	413.600	20143.600	0	1.800	11.370	12.632	0.863	422467	9	0.405	0	0	0.000	5423733	5.202	0	0	0	0	3952	5	0.670	0.144	
relay-512	tokio-default	4	5	1176590	235318.000	270.400	291.500	313.100	379.100	5246.600	0	2.920	14.010	14.389	0.828	349308	16	0.297	0	29804	0.025	5796159	4.926	0	238432	0	0	4372	5	0.864	0.158	
relay-512	compio	4	5	1043864	208773.000	302.400	321.600	348.100	368.300	21199.300	0	1.870	11.910	13.201	0.864	381178	9	0.365	0	5	0.000	1633184	1.565	0	835	0	0	3732	5	0.702	0.145	
relay-512	tokio-percore	4	5	1063303	212661.000	296.800	317.000	344.600	423.800	16174.800	0	1.800	11.420	12.433	0.864	410022	11	0.386	0	0	0.000	5499364	5.172	0	0	0	0	3980	5	0.673	0.145	
relay-512	tokio-default	4	5	1190822	238164.000	267.100	287.800	308.100	342.300	6086.100	0	2.840	14.160	14.276	0.833	346371	17	0.291	0	29040	0.024	5847367	4.910	0	232320	0	0	4428	5	0.866	0.156	
relay-512	compio	4	5	1028661	205732.000	306.700	327.000	355.500	381.800	19338.700	0	1.850	11.850	13.318	0.865	365648	14	0.355	0	5	0.000	1586026	1.542	0	835	0	0	3716	5	0.696	0.143	
relay-512	tokio-percore	4	5	1053777	210755.000	299.400	320.500	346.500	377.000	17967.300	0	1.690	11.380	12.403	0.871	400563	11	0.380	0	0	0.000	5430772	5.154	0	0	0	0	3920	5	0.666	0.146	
relay-512	tokio-default	4	5	1182158	236432.000	268.400	289.100	309.500	346.000	17341.700	0	2.940	13.940	14.279	0.826	352694	19	0.298	0	29556	0.025	5849929	4.949	0	236448	0	0	4392	5	0.861	0.155	
fanout-512	compio	4	5	375747	75149.000	418.100	453.900	578.500	631.400	19259.000	0	1.220	7.280	22.622	0.856	83574	4	0.222	0	5	0.000	821268	2.186	0	835	0	4096	3668	5	0.479	0.076	
fanout-512	tokio-percore	4	5	301824	60365.000	528.300	546.800	568.500	696.900	18316.400	0	0.920	6.470	24.484	0.876	472449	5	1.565	0	0	0.000	3187985	10.562	0	0	0	0	3916	5	0.367	0.049	
fanout-512	tokio-default	4	5	350062	70012.000	453.900	503.100	577.700	692.700	21457.700	0	1.470	7.780	26.424	0.841	296914	8	0.848	0	6815	0.019	3504016	10.010	0	54520	0	0	4344	5	0.499	0.076	
fanout-512	compio	4	5	371390	74278.000	423.300	456.800	586.800	644.400	17398.500	0	1.230	7.230	22.779	0.855	84444	4	0.227	0	5	0.000	848647	2.285	0	835	0	0	3668	5	0.469	0.080	
fanout-512	tokio-percore	4	5	300884	60177.000	529.600	549.200	572.700	701.200	25920.700	0	1.010	6.390	24.594	0.864	479806	3	1.595	0	0	0.000	3184128	10.583	0	0	0	0	3896	5	0.363	0.051	
fanout-512	tokio-default	4	5	344731	68946.000	461.600	511.300	586.600	655.400	19371.300	0	1.390	7.750	26.513	0.848	295489	6	0.857	0	6808	0.020	3443108	9.988	0	54464	0	0	4400	5	0.492	0.069	
fanout-512	compio	4	5	356776	71355.000	430.900	511.100	599.600	680.900	19306.700	0	1.120	7.130	23.124	0.864	150860	7	0.423	0	5	0.000	804174	2.254	0	835	0	0	3660	5	0.437	0.067	
fanout-512	tokio-percore	4	5	292938	58588.000	544.300	561.800	581.900	719.900	24889.700	0	0.900	6.460	25.125	0.878	527938	7	1.802	0	0	0.000	3134984	10.702	0	0	0	0	3860	5	0.365	0.054	
fanout-512	tokio-default	4	5	349749	69950.000	454.700	502.600	573.100	623.600	19682.300	0	1.440	7.780	26.362	0.844	294132	8	0.841	0	6899	0.020	3503548	10.017	0	55192	0	0	4328	5	0.491	0.071	
file-4k	compio	4	5	991085	198217.000	328.500	353.000	368.200	388.700	7430.600	0	2.480	17.410	20.069	0.875	340564	340605	0.687	0	5	0.000	1368454	1.381	0	835	0	0	4136	9	0.990	0.188	
file-4k	tokio-percore	4	5	444740	88948.000	669.300	1145.400	1591.900	1960.900	15449.400	0	4.230	15.670	44.745	0.787	2651607	1742566	9.880	444742	47876	1.108	9077184	20.410	1821655046	383008	0	0	16348	242	0.990	0.072	
file-4k	tokio-default	4	5	238096	47619.000	1340.800	1852.800	2307.200	2785.200	21396.300	0	3.740	13.610	72.870	0.784	1692088	307405	8.398	238098	90	1.000	5605875	23.545	975241222	720	0	0	12792	130	0.893	0.040	
file-4k	compio	4	5	992471	198494.000	319.600	343.600	358.000	379.700	9496.000	0	2.500	17.390	20.041	0.874	338184	338246	0.682	0	5	0.000	1363992	1.374	0	835	0	0	4180	9	0.990	0.188	
file-4k	tokio-percore	4	5	437938	87588.000	686.300	1087.800	1532.500	1914.300	9094.000	0	4.260	15.660	45.486	0.786	2616625	1714423	9.890	437940	43850	1.100	9021500	20.600	1793794054	350800	0	0	17272	273	0.992	0.074	
file-4k	tokio-default	4	5	235691	47138.000	1354.100	1866.100	2327.600	2771.300	17434.700	0	3.690	13.540	73.104	0.786	1687284	303374	8.446	235745	104	1.001	5561054	23.595	965390602	832	0	0	11660	96	0.888	0.039	
file-4k	compio	4	5	987630	197526.000	318.700	362.200	376.400	403.100	8463.600	0	2.500	17.370	20.119	0.874	335398	335489	0.679	0	5	0.000	1359897	1.377	0	835	0	4096	4188	9	0.990	0.188	
file-4k	tokio-percore	4	5	440567	88113.000	687.700	1093.900	1475.500	1797.500	12043.200	0	4.330	15.590	45.214	0.783	2630441	1727454	9.892	440580	44580	1.101	8960518	20.339	1804562493	356640	0	0	16308	244	0.992	0.074	
file-4k	tokio-default	4	5	229758	45952.000	1391.000	1911.500	2380.300	2856.600	10480.000	0	3.610	13.430	74.165	0.788	1709338	320541	8.835	229760	83	1.000	5524829	24.046	941088774	664	0	0	11448	101	0.880	0.039	
file-64k	compio	4	5	589626	117925.000	277.400	430.600	450.400	470.900	9268.400	0	1.830	18.100	33.801	0.908	412226	412283	1.398	0	5	0.000	1100586	1.867	0	835	0	0	5496	9	0.994	0.174	
file-64k	tokio-percore	4	5	324349	64870.000	449.500	842.100	1165.900	1453.700	18173.000	0	4.180	15.760	61.477	0.790	1902170	1333306	9.975	324353	81326	1.251	6551183	20.198	21256536080	650608	0	0	27040	129	0.995	0.082	
file-64k	tokio-default	4	5	197260	39452.000	796.900	1133.700	1456.900	1766.900	18502.700	0	3.770	13.750	88.817	0.785	1306855	279200	8.040	197262	1336	1.007	4368713	22.147	12927631366	10688	0	0	17228	81	0.896	0.047	
file-64k	compio	4	5	595954	119191.000	283.000	326.900	347.500	367.400	12153.900	0	1.830	18.060	33.375	0.908	355170	355223	1.192	0	5	0.000	1069537	1.795	0	835	0	0	5496	9	0.993	0.171	
file-64k	tokio-percore	4	5	325714	65143.000	458.100	762.300	1099.000	1368.300	11335.300	0	4.090	15.840	61.189	0.795	1909646	1343265	9.987	325717	72509	1.223	6761647	20.759	21345992715	580072	0	0	24764	118	0.994	0.076	
file-64k	tokio-default	4	5	201450	40290.000	780.600	1110.700	1439.700	1755.700	15281.400	0	3.810	13.730	87.069	0.783	1306312	271011	7.830	201452	1478	1.007	4427915	21.980	13202227206	11824	0	0	15524	69	0.896	0.051	
file-64k	compio	4	5	594843	118969.000	255.200	329.400	347.400	361.700	10997.800	0	1.900	18.010	33.471	0.905	372636	372570	1.253	0	5	0.000	1047489	1.761	0	835	0	4096	5540	9	0.993	0.174	
file-64k	tokio-percore	4	5	328928	65786.000	436.800	789.900	1174.700	1475.000	21555.900	0	4.110	15.840	60.652	0.794	1927693	1347822	9.958	328930	77273	1.235	6881657	20.921	21556625414	618184	0	0	25104	117	0.996	0.081	
file-64k	tokio-default	4	5	197069	39414.000	798.900	1131.200	1456.100	1772.900	12605.700	0	3.820	13.690	88.852	0.782	1328708	293431	8.231	197071	1376	1.007	4407567	22.366	12915113990	11008	0	0	16828	78	0.896	0.047	
wal-sync	compio	4	5	22813	4563.000	17715.100	21308.000	28673.400	32175.300	35454.600	0	0.050	0.950	43.835	0.950	145722	14026	7.002	0	5	0.000	22476	0.985	0	835	0	93442048	3720	73	0.052	0.004	
wal-sync	tokio-percore	4	5	20716	4143.000	18015.900	21486.800	29713.100	32637.500	34700.700	0	0.150	0.960	53.582	0.865	158898	42918	9.742	1	30437	1.469	277807	13.410	5	10684360	0	84852736	5616	110	0.057	0.004	
wal-sync	tokio-default	4	5	20921	4184.000	17813.300	21808.700	28665.200	31723.800	36165.600	0	0.240	1.360	76.478	0.850	159490	10880	8.143	1	22139	1.058	266374	12.732	5	10721296	0	85692416	7820	273	0.078	0.005	
wal-sync	compio	4	5	20753	4151.000	17800.400	21503.800	29467.900	32229.200	38943.200	0	0.060	0.880	45.295	0.936	134796	13911	7.166	0	5	0.000	21224	1.023	0	835	0	85004288	3656	73	0.052	0.006	
wal-sync	tokio-percore	4	5	20724	4145.000	17970.800	21403.700	29482.900	32876.500	34631.500	0	0.160	0.970	54.526	0.858	158024	43390	9.719	1	31045	1.498	273742	13.209	5	10693256	0	84885504	5600	111	0.058	0.004	
wal-sync	tokio-default	4	5	20746	4149.000	17282.600	22559.900	29494.200	32588.000	38391.300	0	0.240	1.320	75.195	0.846	155394	10236	7.984	1	21949	1.058	260156	12.540	5	10631576	0	84975616	6216	150	0.075	0.004	
wal-sync	compio	4	5	20738	4148.000	17794.900	21693.300	28917.700	31363.000	34822.600	0	0.070	0.890	46.292	0.927	137149	14516	7.313	0	5	0.000	21220	1.023	0	835	0	84946944	3648	73	0.042	0.003	
wal-sync	tokio-percore	4	5	20741	4148.000	17727.000	22402.300	30491.200	32727.200	34963.200	0	0.170	1.020	57.374	0.857	158856	43719	9.767	1	30978	1.494	270633	13.048	5	10701288	0	84955136	5708	117	0.061	0.003	
wal-sync	tokio-default	4	5	20744	4149.000	17519.200	22006.600	29230.000	32696.900	42641.000	0	0.230	1.330	75.202	0.853	157302	10853	8.106	1	22006	1.061	264728	12.762	5	10631024	0	84967424	6400	156	0.081	0.005	
wal-nosync	compio	4	5	2216248	443250.000	143.400	160.000	176.100	208.900	8201.500	0	2.270	17.650	8.988	0.886	418445	418191	0.378	0	5	0.000	416668	0.188	0	835	0	1134841856	3696	17	0.988	0.289	
wal-nosync	tokio-percore	4	5	1195449	239090.000	251.900	383.900	429.500	490.800	11230.500	0	3.680	16.280	16.697	0.816	2369166	1870951	3.547	1	1198264	1.002	9290873	7.772	5	612092408	0	612204544	5368	109	0.991	0.138	
wal-nosync	tokio-default	4	5	707910	141582.000	448.200	661.200	857.100	1037.800	5503.100	0	3.100	14.050	24.226	0.819	1645672	324031	2.782	1	709100	1.002	5877104	8.302	5	362459440	0	362577920	5148	71	0.883	0.081	
wal-nosync	compio	4	5	2202992	440598.000	142.300	200.600	218.000	234.600	10501.600	0	2.230	17.720	9.056	0.888	443864	443837	0.403	0	5	0.000	441192	0.200	0	835	0	1128075264	3716	10	0.989	0.287	
wal-nosync	tokio-percore	4	5	1206343	241269.000	252.800	342.400	381.100	436.400	4771.200	0	3.740	16.200	16.529	0.812	2390170	1893583	3.551	1	1209029	1.002	9386425	7.781	5	617669104	0	617779200	5188	92	0.991	0.148	
wal-nosync	tokio-default	4	5	714000	142800.000	444.200	656.400	847.700	1025.500	8002.900	0	3.080	14.070	24.020	0.820	1652560	324748	2.769	1	715245	1.002	5909192	8.276	5	365577960	0	365686784	4964	61	0.883	0.080	
wal-nosync	compio	4	5	2202548	440510.000	149.000	183.400	207.500	228.600	8323.400	0	2.270	17.650	9.044	0.886	432367	431979	0.392	0	5	0.000	430540	0.195	0	835	0	1127825408	3660	16	0.987	0.291	
wal-nosync	tokio-percore	4	5	1195624	239125.000	273.600	308.200	352.200	397.300	13417.700	0	3.670	16.290	16.694	0.816	2372125	1881873	3.558	1	1197960	1.002	9295009	7.774	5	612178176	0	612270080	5212	94	0.991	0.146	
wal-nosync	tokio-default	4	5	690428	138086.000	459.200	678.400	876.800	1055.800	5232.900	0	2.980	13.930	24.492	0.824	1633844	325309	2.838	1	691649	1.002	5257603	7.615	5	353508904	0	353607680	5136	69	0.872	0.080	
