server	workers	scpus	ccpus	reqs	rps	p50_us	p99_us	failed	rss_mb	threads	cpu_pct	cpu_us_req	sys_total	sys_req	ctx_total	ctx_req	vol_ctx	invol_ctx	migr	migr_req	pgflt
compio-pool	4	0-3	4-31	3814754	381475	1298.6	1617.4	0	5.2	5	399	10.45	124896	0.03	294	0.00	0	0	0	0.000	675
tokio-per-core	4	0-3	4-31	3207110	320711	1579.5	1854.1	0	6.8	5	399	12.43	6398719	2.00	337	0.00	0	0	0	0.000	1168
tokio-default	4	0-3	4-31	2671527	267153	1670.1	3261.9	0	11.1	5	358	13.39	5300997	1.98	1206	0.00	156	0	82	0.000	2228
compio-pool	8	0-7	8-31	8206686	820669	590.4	900.6	0	5.6	9	797	9.72	281376	0.03	378	0.00	0	0	0	0.000	658
tokio-per-core	8	0-7	8-31	6364323	636432	771.6	1154.5	0	7.1	9	797	12.52	12692916	1.99	355	0.00	0	0	0	0.000	1217
tokio-default	8	0-7	8-31	6119111	611911	706.6	1556.1	0	11.2	9	706	11.54	12132096	1.98	4671	0.00	159	0	10	0.000	2237
compio-pool	16	0-15	16-31	13599720	1359972	383.7	582.4	0	6.7	17	1593	11.72	939418	0.07	1014	0.00	0	0	0	0.000	655
tokio-per-core	16	0-15	16-31	14332218	1433222	356.0	572.1	0	7.6	17	1585	11.06	29440371	2.05	37501	0.00	0	0	0	0.000	1303
tokio-default	16	0-15	16-31	8353067	835307	482.9	1194.4	0	11.4	17	1122	13.43	16771891	2.01	106209	0.01	159	0	57	0.000	2250
compio-pool	24	0-23	24-31	5149340	514934	1038.0	2128.3	0	7.6	25	943	18.31	7149547	1.39	2865288	0.56	0	0	0	0.000	631
tokio-per-core	24	0-23	24-31	5564508	556451	929.0	2036.0	0	8.3	25	852	15.31	15643128	2.81	3184884	0.57	0	0	0	0.000	1397
tokio-default	24	0-23	24-31	6875864	687586	720.6	1459.2	0	11.5	25	1044	15.19	14497088	2.11	398915	0.06	168	0	74	0.000	2269
compio-pool	28	0-27	28-31	2404210	240421	1922.4	4227.3	0	8.2	29	481	20.03	4183922	1.74	1931220	0.80	0	0	0	0.000	628
tokio-per-core	28	0-27	28-31	2761682	276168	1711.1	3614.2	0	8.6	29	489	17.69	8046521	2.91	2196717	0.80	0	0	0	0.000	1445
tokio-default	28	0-27	28-31	3568329	356833	1293.0	3598.2	0	11.6	29	586	16.42	8441573	2.37	624444	0.17	144	0	67	0.000	2253
compio-pool	30	0-29	30-31	1169068	116907	2056.4	11573.3	0	8.4	31	260	22.25	2171084	1.86	1040480	0.89	0	0	0	0.000	624
tokio-per-core	30	0-29	30-31	1317008	131701	3678.7	7365.6	0	8.7	31	266	20.24	3879977	2.95	1174291	0.89	0	0	0	0.000	1469
tokio-default	30	0-29	30-31	1715270	171527	2688.8	7244.2	0	11.5	31	354	20.66	5372072	3.13	674978	0.39	206	0	37	0.000	2234
compio-pool	32	0-31	0-31	17558882	1755888	285.8	480.2	0	8.7	33	1653	9.41	2293631	0.13	2287512	0.13	0	0	0	0.000	639
tokio-per-core	32	0-31	0-31	12665551	1266555	383.0	956.7	0	8.9	33	1730	13.66	26004009	2.05	6700942	0.53	0	0	0	0.000	1494
tokio-default	32	0-31	0-31	7552457	755246	523.5	1868.2	0	11.7	33	1106	14.64	15184617	2.01	689277	0.09	158	0	49973	0.007	2285
